variant,feature_set,model,evaluation,mae,rmse,r2
raw_rows,atom_pair512,enet,loocv,0.6660877175829663,0.8774123315723676,0.3945119103670509
raw_rows,graph,extra,loocv,0.6690305555555625,0.9007027873214154,0.3619405424307781
raw_rows,graph,rf,loocv,0.7731215445665476,0.9266839897124675,0.32459937763077706
raw_rows,base_graph,extra,loocv,0.7014410256410323,0.9415801850841115,0.30271109022656617
raw_rows,rdk512,extra,loocv,0.6925993589743651,0.9654870807805207,0.26685298516231826
raw_rows,atom_pair512,extra,loocv,0.7810055555555613,0.9719670797092204,0.25697872633245444
raw_rows,morgan2_256,tanimoto_krr_a0.1,loocv,0.7832984044204092,0.9731210937349898,0.25521330440119383
dedup_rows,atom_pair512,enet,loocv,0.8301157899518231,0.9923499864111782,0.25400277314069086
raw_rows,morgan2_256,tanimoto_krr_a0.01,loocv,0.759214908278606,0.9836527204587595,0.23900512546116803
raw_rows,base_graph_spectral,extra,loocv,0.7691467948718016,0.9866358957150543,0.2343823079132954
raw_rows,base_graph,rf,loocv,0.8456737713675236,0.9876082239764719,0.2328725340628035
raw_rows,rdk512,rf,loocv,0.7939875824175852,0.9956187683860152,0.22037763954842338
raw_rows,base_graph_spectral,rf,loocv,0.8653686920024443,0.996636323860609,0.21878322525998284
raw_rows,base,extra,loocv,0.7747292735042794,0.9987746925497902,0.2154272937478342
dedup_rows,rdk512,extra,loocv,0.788984210526316,1.0251819798232829,0.20382340904709573
raw_rows,atom_pair512,ridge,loocv,0.8087042020486707,1.0114283514532552,0.19542157373148006
raw_rows,atom_pair512,rf,loocv,0.8922637103174623,1.01143888123425,0.1954048210297985
raw_rows,rdk512,svr_rbf,loocv,0.8672982227846634,1.0129233299594387,0.19304134305366583
raw_rows,graph_morgan2_512,rf,loocv,0.859606355311358,1.0132290716805108,0.1925541232285365
raw_rows,base,rf,loocv,0.8676036050061072,1.0132461787411637,0.1925268576425373
dedup_rows,graph,extra,loocv,0.8230122807017546,1.0328618325253967,0.1918500781955378
raw_rows,base_graph_morgan2_256_sim,rf,loocv,0.8822689758852289,1.021797560903755,0.1788398597461217
raw_rows,base_graph,svr_rbf,loocv,0.8694872300047085,1.0242563870510446,0.17488306939300424
raw_rows,rdk512,ridge,loocv,0.7551393203029432,1.0269185543543504,0.1705883362448063
raw_rows,base_graph_morgan2_512,rf,loocv,0.8831188263125791,1.0323654106455307,0.16176647359616592
raw_rows,base_graph_morgan2_512_sim,rf,loocv,0.8914885470085495,1.0323798302808702,0.16174305726301752
raw_rows,base_graph_morgan2_256,rf,loocv,0.8823048687423717,1.0339023108198095,0.15926883045010354
raw_rows,base_morgan2_512,rf,loocv,0.8851762820512848,1.0354931287065894,0.15667965136616657
raw_rows,graph_morgan2_256,rf,loocv,0.882909203296706,1.0359767053356017,0.15589180406141345
raw_rows,base_graph_spectral,svr_rbf,loocv,0.8881920579606049,1.037156332233059,0.15396840244730892
raw_rows,base_graph_morgan3_512_sim,rf,loocv,0.8961571810134336,1.0395306172978664,0.15009045400117238
raw_rows,morgan2_512,rf,loocv,0.8809152472527496,1.040395577111864,0.14867550107395955
raw_rows,graph_morgan3_512,rf,loocv,0.883400195360198,1.0419555674090983,0.14612060052281728
raw_rows,spectral,rf,loocv,0.9189118131868143,1.0439177576432817,0.1429015545654776
raw_rows,base_morgan2_256,rf,loocv,0.8952467979243008,1.045555364393623,0.1402103634168368
raw_rows,atom_pair512,svr_rbf,loocv,0.9169806048717615,1.0456614578012047,0.14003586736729134
dedup_rows,base_graph_morgan2_512_sim,knn3_dist_euclid,loocv,0.8893555479048452,1.066407637268983,0.13850260161353145
raw_rows,base_graph_morgan3_512,rf,loocv,0.8982694108669136,1.0469997567259088,0.13783319354184276
dedup_rows,rdk512,rf,loocv,0.8612649122807017,1.0705370017450413,0.13181787015329705
dedup_rows,base_graph,extra,loocv,0.8794929824561395,1.0707242809922795,0.1315140848242402
raw_rows,morgan2_256,rf,loocv,0.8874038827838853,1.0516045308712174,0.1302327834396848
raw_rows,base_graph_morgan2_512_sim,svr_rbf,loocv,0.9030160370404976,1.0516902043038863,0.1300910591008161
raw_rows,base_graph_morgan2_512,svr_rbf,loocv,0.9035678445653073,1.0520818283647442,0.12944307226854213
raw_rows,base_graph_morgan3_512_sim,ridge,loocv,0.7849879857689361,1.0531432127851938,0.12768567732437275
raw_rows,base_morgan2_512,svr_rbf,loocv,0.9037262086439336,1.0547432553859595,0.12503304597103948
raw_rows,base_graph_morgan2_256_sim,svr_rbf,loocv,0.9047687681818528,1.0556227038821095,0.12357333685419936
raw_rows,base_graph_morgan2_256,svr_rbf,loocv,0.9051370197283786,1.055812171987317,0.12325869829865466
raw_rows,maccs,svr_rbf,loocv,0.9059269546831784,1.0576903951555479,0.12013658894842627
raw_rows,morgan2_512,tanimoto_krr_a0.1,loocv,0.8170792043640093,1.0580629391680954,0.11951666165300467
raw_rows,base_morgan3_512,ridge,loocv,0.7989370800045601,1.0584717190052908,0.11883618537850249
raw_rows,graph_morgan2_512,svr_rbf,loocv,0.907489131215027,1.0591804993487337,0.1176556895976929
raw_rows,rdk512,enet,loocv,0.7425507375800516,1.0605451884688937,0.1153805317706168
raw_rows,base_morgan2_256,svr_rbf,loocv,0.9064886377026617,1.0609224650459075,0.11475103371297246
raw_rows,base_graph_morgan3_512,ridge,loocv,0.794911097574822,1.0612117366215712,0.1142682231724238
raw_rows,graph,svr_rbf,loocv,0.9120774000379714,1.062559523943509,0.11201695493909503
raw_rows,morgan2_512,svr_rbf,loocv,0.9078062896185237,1.0633723595829891,0.11065785867223421
dedup_rows,base_graph_morgan2_512,knn3_dist_euclid,loocv,0.9235390803413869,1.0837521950097235,0.11025110549281802
dedup_rows,base_morgan2_512,knn3_dist_euclid,loocv,0.9253325418904814,1.0864601460993109,0.10579915299640663
raw_rows,base_morgan3_512,rf,loocv,0.911853571428574,1.066598804696272,0.10525285314546262
dedup_rows,base_morgan3_512,enet,loocv,0.8948879880369848,1.087181601288479,0.1046111848249478
raw_rows,graph_morgan2_256,svr_rbf,loocv,0.911582937540601,1.0671815281035566,0.10427491742796802
raw_rows,graph_morgan3_512,ridge,loocv,0.8029514211568881,1.0675301988853358,0.10368951714463692
dedup_rows,graph_morgan2_512,knn3_dist_euclid,loocv,0.9272120513015093,1.088361281159201,0.10266699218814268
raw_rows,morgan2_512,tanimoto_krr_a0.01,loocv,0.7895947050636679,1.068212235703453,0.10254385956382028
dedup_rows,atom_pair512,extra,loocv,0.9608491228070171,1.0895182238572048,0.10075822406196411
dedup_rows,rdk512,ridge,loocv,0.8634278484527156,1.0907789059387918,0.09867599386660397
dedup_rows,base_graph_morgan2_256_sim,knn1_euclid,loocv,0.618421052631579,1.0914813690335572,0.09751471228882147
dedup_rows,base_graph_morgan2_256_sim,ridge,loocv,0.8896694803813295,1.0937124540070173,0.09382142107978919
raw_rows,morgan2_256,svr_rbf,loocv,0.9128501038940298,1.0743280525160501,0.09223806211561436
dedup_rows,base_graph_morgan2_256,knn1_euclid,loocv,0.6252631578947369,1.0948924484551945,0.09186503389848988
raw_rows,base_graph_morgan2_512_sim,extra,loocv,0.8180128205128265,1.0749100335562038,0.09125429681224251
raw_rows,maccs,rf,loocv,0.9385797802197822,1.075144189450215,0.09085833560143652
raw_rows,morgan3_512,ridge,loocv,0.8157956907305332,1.0752961634275469,0.0906012991200481
dedup_rows,base_graph_morgan2_256,ridge,loocv,0.8878584656405034,1.0958829104423147,0.09022125600006581
raw_rows,base_graph_morgan2_512,extra,loocv,0.8105782051282114,1.0755483963116914,0.09017461265375759
raw_rows,maccs,extra,loocv,0.8462799145299205,1.076552048160199,0.08847580674488753
raw_rows,base_graph_morgan2_256,extra,loocv,0.8318826923076981,1.0766250313890373,0.08835221172889851
raw_rows,base_morgan3_512,enet,loocv,0.7911691825800486,1.0779215343337558,0.08615522451580404
dedup_rows,base_morgan2_256,ridge,loocv,0.8886019526036467,1.0984102021763864,0.08602020945022393
raw_rows,base_graph_morgan3_512_sim,svr_rbf,loocv,0.9283857975026897,1.0786533708318464,0.084913924534185
raw_rows,morgan3_512,rf,loocv,0.9112200854700879,1.078914802427191,0.08447029470785417
raw_rows,base_graph_morgan3_512,svr_rbf,loocv,0.9294630695603405,1.0795912180812754,0.08332196909669831
raw_rows,base_morgan3_512,svr_rbf,loocv,0.929895738945084,1.0810242551599671,0.08088677800468047
raw_rows,morgan3_512,tanimoto_knn3w,loocv,0.8485731975923118,1.0821207162961495,0.07902135638394625
dedup_rows,base_graph_morgan3_512_sim,enet,loocv,0.9056041515130258,1.103459957809091,0.07759715622393648
dedup_rows,base_graph_morgan3_512,enet,loocv,0.9056064152843811,1.1034616250315468,0.07759436889688331
raw_rows,morgan2_512,tanimoto_knn3w,loocv,0.8599646938768236,1.08311189920078,0.07733341834581231
raw_rows,spectral,extra,loocv,0.8615164529914593,1.0839730894153676,0.07586559710818896
raw_rows,graph_morgan3_512,svr_rbf,loocv,0.932093239183849,1.0842565386534877,0.07538222820699159
raw_rows,base,svr_rbf,loocv,0.9113380386036588,1.0855325217883973,0.07320471605986867
raw_rows,morgan3_512,svr_rbf,loocv,0.9321507436855523,1.0856574905342329,0.07299131460261177
dedup_rows,base_morgan2_256,knn1_euclid,loocv,0.6373684210526317,1.1104266605323616,0.06591319434826493
dedup_rows,graph_morgan2_256,knn1_euclid,loocv,0.6373684210526317,1.1104266605323616,0.06591319434826493
raw_rows,graph_morgan2_256,extra,loocv,0.8380136752136813,1.0911094070379879,0.06365749812862143
dedup_rows,graph,rf,loocv,0.9435736842105269,1.1118561407481182,0.0635066994179988
raw_rows,base_morgan2_256,ridge,loocv,0.8064110875978792,1.091232658304835,0.06344594845837359
raw_rows,base_morgan2_256,extra,loocv,0.84062991452992,1.0917380621148043,0.06257821856520529
raw_rows,graph_morgan2_512,extra,loocv,0.8232504273504337,1.0921738305853985,0.061829723305098616
raw_rows,morgan3_512,enet,loocv,0.8050475905985752,1.0922118620519952,0.06176438459845368
raw_rows,base_morgan2_512,extra,loocv,0.8176690170940231,1.0931826346001905,0.060095810611294764
raw_rows,base_graph_morgan2_256_sim,extra,loocv,0.8495720085470144,1.0931970807699105,0.06007096919006116
raw_rows,base_graph_morgan2_256_sim,ridge,loocv,0.8214951020514951,1.093679429542977,0.059241340858182334
raw_rows,morgan2_512,extra,loocv,0.8163017094017155,1.0958881303903665,0.05543775359219605
dedup_rows,graph_morgan2_256,ridge,loocv,0.9129574614630863,1.1187455618816753,0.051865111048275625
raw_rows,base_graph_morgan3_512,enet,loocv,0.7998540718814018,1.098595357799469,0.050765190301100604
raw_rows,morgan3_512,tanimoto_krr_a0.1,loocv,0.861191223259087,1.0992822510391747,0.04957780714553517
raw_rows,base_graph_morgan2_512_sim,ridge,loocv,0.8137491572310525,1.0998564635623052,0.048584637538253816
raw_rows,graph_morgan3_512,extra,loocv,0.83868803418804,1.099940099832432,0.04843993527869872
raw_rows,morgan3_512,tanimoto_krr_a0.01,loocv,0.8302899423958878,1.1008953727351858,0.04678640111260879
raw_rows,base_graph_morgan3_512_sim,enet,loocv,0.7994844398712935,1.1016380543321824,0.0454998610702102
raw_rows,base_graph_morgan2_256,ridge,loocv,0.820157828934824,1.1019444738846345,0.04496880065449094
raw_rows,base_graph,knn1_euclid,loocv,0.7026923076923077,1.1032626439513222,0.042682575663000155
raw_rows,base_morgan2_512,ridge,loocv,0.8190977470940021,1.1034099214109292,0.0424269689138419
raw_rows,morgan2_256,extra,loocv,0.8432946581196634,1.1037643847555738,0.041811641732658056
dedup_rows,morgan2_512,rf,loocv,0.9704666666666666,1.1249782153576304,0.04127135790469094
raw_rows,base_graph_morgan3_512,extra,loocv,0.850875000000006,1.1050225242560698,0.039625991043264475
raw_rows,graph_morgan3_512,enet,loocv,0.8078986912858972,1.1051565928554261,0.039392939125906024
raw_rows,base_graph_morgan2_512,ridge,loocv,0.8154405977763003,1.105730815805531,0.038394445471309435
raw_rows,base_morgan3_512,extra,loocv,0.8478267094017153,1.1074717995617571,0.035363947268968854
dedup_rows,base_graph_morgan2_512_sim,extra,loocv,0.9433859649122812,1.1289643286311744,0.034465232389296996
dedup_rows,base_graph_spectral,rf,loocv,0.9844017543859649,1.129887962851402,0.03288472938845621
raw_rows,graph_morgan2_256,ridge,loocv,0.8260270981728101,1.1093686254721675,0.032056750441170734
dedup_rows,rdk512,enet,loocv,0.861052759921922,1.1330438884030525,0.027474624291768834
raw_rows,morgan3_512,extra,loocv,0.8532262820512881,1.1127705936232024,0.026111096271316137
raw_rows,graph_morgan2_512,ridge,loocv,0.8219443413327364,1.112910055679752,0.025866968575549487
dedup_rows,base,extra,loocv,0.9682245614035088,1.134434306872014,0.025086284446071083
raw_rows,base_graph_morgan2_256,enet,loocv,0.8205477039819292,1.1136842384467445,0.024511208849857025
dedup_rows,base_graph_morgan3_512,ridge,loocv,0.9479637642687272,1.1358109172489819,0.02271877736525052
raw_rows,morgan2_256,ridge,loocv,0.8332339350041604,1.1149193931805903,0.0223462365803222
dedup_rows,base_graph_morgan3_512_sim,ridge,loocv,0.9487333859606699,1.1372104097395492,0.020308974258598678
dedup_rows,base_graph_morgan2_512,extra,loocv,0.9568596491228074,1.1375031644965945,0.01980450099182396
raw_rows,base_graph_morgan3_512_sim,extra,loocv,0.8644636752136812,1.118361587111945,0.016300115519214398
dedup_rows,morgan3_512,tanimoto_knn3w,loocv,0.919199995426078,1.1395403659993828,0.016290411656882275
raw_rows,rdk512,gpr_matern,loocv,0.9678825446801995,1.119983367458742,0.013445042714994915
dedup_rows,base_graph_spectral,extra,loocv,0.9711122807017529,1.1413513584820283,0.013161244279254025
dedup_rows,base_graph,rf,loocv,0.9919578947368419,1.144068775945558,0.00845656645737125
dedup_rows,graph_morgan2_512,rf,loocv,1.0070789473684212,1.1447632930075735,0.007252350643653038
dedup_rows,base_graph_morgan2_512,ridge,loocv,0.9118935002425864,1.145269514765431,0.006374157607985431
raw_rows,base_graph,knn3_dist_euclid,loocv,0.792671287588823,1.1245120802297894,0.005450536533137651
raw_rows,base_graph,gpr_matern,loocv,0.9536982846928119,1.12479766909005,0.004945307073828009
dedup_rows,base_graph_morgan2_512_sim,ridge,loocv,0.9128616798924911,1.146356481147328,0.004487177468011749
raw_rows,rdk512,gpr_rbf,loocv,0.9721922935132358,1.1250939311872332,0.004421060230605067
dedup_rows,base_morgan3_512,ridge,loocv,0.9696584416662428,1.1469024892347988,0.0035386287238502456
raw_rows,base_morgan2_256,enet,loocv,0.8366035323401048,1.1261995164003893,0.0024634669494669748
raw_rows,graph_morgan2_256,enet,loocv,0.8388424850444417,1.126256595415367,0.002362348373615597
raw_rows,base_graph_morgan2_256_sim,enet,loocv,0.8338100278887814,1.1279724097100614,-0.0006797023559659277
raw_rows,spectral,gpr_rbf,loocv,0.9686146245269754,1.1285622954657255,-0.0017266092587009396
dedup_rows,graph,svr_rbf,loocv,0.9196811870825804,1.1511772518693855,-0.0039032840552026826
raw_rows,base_graph_spectral,gpr_rbf,loocv,0.9659131904443508,1.130656751890754,-0.005448193097817411
dedup_rows,base_graph_morgan2_512,rf,loocv,1.021943859649123,1.1525268553403438,-0.006258552209494672
dedup_rows,graph_morgan3_512,enet,loocv,0.9476827648515178,1.1531332090408288,-0.007317632257833218
raw_rows,morgan2_512,ridge,loocv,0.8446486776467329,1.1317092993935944,-0.0073210418990363735
raw_rows,graph,gpr_rbf,loocv,0.9493821175969083,1.1318123724573976,-0.007504538481155176
dedup_rows,base_morgan2_256,rf,loocv,1.029571929824563,1.1546973868021526,-0.010052255562523094
raw_rows,spectral,gpr_matern,loocv,0.9827175572244277,1.1350891351036754,-0.013346729764385667
dedup_rows,base_graph_morgan2_512,svr_rbf,loocv,1.036453137349374,1.1568276896709158,-0.013782587154740567
raw_rows,atom_pair512,gpr_matern,loocv,0.9862790295492487,1.1354450733506665,-0.013982354578964573
raw_rows,morgan3_512,gpr_matern,loocv,0.9862792359022331,1.1354451432718191,-0.013982479461830177
raw_rows,base_morgan3_512,gpr_matern,loocv,0.9862792377236373,1.1354451438254785,-0.013982480450694945
raw_rows,graph_morgan3_512,gpr_matern,loocv,0.9862792383528186,1.1354451440213273,-0.01398248080049136
raw_rows,base_graph_morgan3_512,gpr_matern,loocv,0.9862792401668613,1.1354451445832578,-0.013982481804128755
raw_rows,base_graph_morgan3_512_sim,gpr_matern,loocv,0.9862792415974522,1.1354451450275769,-0.013982482597705959
raw_rows,atom_pair512,gpr_rbf,loocv,0.9862793773806877,1.135445187761191,-0.01398255892219824
raw_rows,morgan3_512,gpr_rbf,loocv,0.9862793773806913,1.135445187761192,-0.013982558922199795
raw_rows,base_morgan3_512,gpr_rbf,loocv,0.9862793773806913,1.135445187761192,-0.013982558922200017
raw_rows,graph_morgan3_512,gpr_rbf,loocv,0.9862793773806913,1.135445187761192,-0.013982558922200017
raw_rows,base_graph_morgan3_512,gpr_rbf,loocv,0.9862793773806913,1.135445187761192,-0.013982558922200017
raw_rows,base_graph_morgan3_512_sim,gpr_rbf,loocv,0.9862793773806913,1.135445187761192,-0.013982558922200017
dedup_rows,morgan2_512,extra,loocv,0.9488649122807011,1.1574562789666385,-0.014884611287240723
dedup_rows,rdk512,svr_rbf,loocv,1.0201181027303168,1.1577605326841307,-0.015418234898481487
dedup_rows,graph_morgan3_512,ridge,loocv,0.9754547651921514,1.1581272385567976,-0.016061578300762935
raw_rows,graph,gpr_matern,loocv,0.9618959311314496,1.1371114525563664,-0.016960779580484697
dedup_rows,base_graph_morgan2_512_sim,svr_rbf,loocv,1.0386352642459578,1.1588163099781725,-0.017271026208870666
dedup_rows,graph_morgan2_512,extra,loocv,0.9756052631578945,1.1592455898063097,-0.018024855462877243
raw_rows,base_graph_spectral,gpr_matern,loocv,0.9808639224354992,1.1382893814159438,-0.019068801449789508
dedup_rows,base_morgan2_512,rf,loocv,1.033259649122807,1.1602997001430475,-0.019877091824509918
dedup_rows,base_morgan2_512,svr_rbf,loocv,1.0359552556629674,1.1603480695840367,-0.019962124877663356
dedup_rows,base_morgan2_512,ridge,loocv,0.9416509212869428,1.1605149675174211,-0.020255557197958574
dedup_rows,morgan2_256,ridge,loocv,0.9734773702561513,1.1607473402635138,-0.02066417462675707
dedup_rows,base_morgan2_512,extra,loocv,0.9688087719298246,1.1640363532284665,-0.026456535523769364
dedup_rows,rdk512,gpr_matern,loocv,1.0522047535475882,1.1653093987587744,-0.028702926626218206
raw_rows,graph_morgan2_512,knn3_dist_euclid,loocv,0.8550495552752916,1.144158684726347,-0.02960503999716324
dedup_rows,base_graph_morgan2_256,enet,loocv,0.9266805158980268,1.1661008877146644,-0.030100810337891692
raw_rows,base_graph,gpr_rbf,loocv,0.9633996061413701,1.144791110224299,-0.030743568153497547
dedup_rows,base_graph_morgan2_256_sim,enet,loocv,0.9271523457024392,1.1666574066746016,-0.03108427143235537
dedup_rows,base_graph_morgan2_512_sim,rf,loocv,1.0336087719298241,1.167311273524866,-0.032240361901459735
dedup_rows,graph_morgan2_512,ridge,loocv,0.9424582347140499,1.1676188683261182,-0.032784438891835244
dedup_rows,graph_morgan2_512,svr_rbf,loocv,1.044415837535745,1.1688975351707835,-0.035047695074600815
raw_rows,morgan2_256,tanimoto_knn3w,loocv,0.8920864710209838,1.1488966968965082,-0.03814997675342102
raw_rows,base_morgan2_256,knn3_dist_euclid,loocv,0.8605599901145896,1.149140616910069,-0.03859083873518787
raw_rows,base_graph_morgan2_256,gpr_matern,loocv,0.9924638382213691,1.1492403062803942,-0.03877104463196601
dedup_rows,atom_pair512,rf,loocv,1.0560736842105274,1.1711048060629012,-0.038960420793051176
raw_rows,base_graph_morgan2_256,knn3_dist_euclid,loocv,0.8703194970411671,1.1496924452021076,-0.03958856070235517
dedup_rows,base_graph_morgan2_256,svr_rbf,loocv,1.0552372562823407,1.1714593153700725,-0.039589530817958574
raw_rows,graph,knn3_dist_euclid,loocv,0.7795652200406799,1.1499143874915463,-0.0399899740311076
raw_rows,base,gpr_matern,loocv,0.9898630073129033,1.1503247525442373,-0.04073238006745261
raw_rows,base_graph_morgan2_512,knn3_dist_euclid,loocv,0.8629182495268579,1.1506451814746201,-0.041312263633412005
raw_rows,base_graph_morgan2_256_sim,gpr_matern,loocv,0.9944166255290819,1.151418104279542,-0.042711694719254734
dedup_rows,atom_pair512,svr_rbf,loocv,1.0801440192346754,1.1737687239047652,-0.04369245338977468
dedup_rows,base_graph_morgan2_256_sim,svr_rbf,loocv,1.0581597790524027,1.1739811808569345,-0.0440703128113662
raw_rows,maccs,ridge,loocv,0.8769369758687086,1.1529054559518743,-0.04540729357433104
dedup_rows,morgan2_512,svr_rbf,loocv,1.0455198255544695,1.1748266179385507,-0.04557461902561255
raw_rows,base_graph_morgan2_512,gpr_matern,loocv,0.9980274586779292,1.1531614572440465,-0.045871608023699384
dedup_rows,morgan2_512,tanimoto_knn3w,loocv,0.9023882294213127,1.175008437241653,-0.04589827590620854
raw_rows,maccs,gpr_matern,loocv,1.0038550387438372,1.1534221809992526,-0.04634459365386756
raw_rows,base_morgan2_512,knn3_dist_euclid,loocv,0.8655138519542998,1.1540025676721408,-0.04739787190035094
raw_rows,base_graph_morgan2_512_sim,gpr_matern,loocv,0.9990401434897836,1.1542456713303002,-0.04783921073492081
dedup_rows,base_morgan2_256,svr_rbf,loocv,1.0560573512133893,1.176897384162835,-0.04926375702585939
dedup_rows,morgan3_512,enet,loocv,0.9763448218999391,1.1774707100570905,-0.05028630430554881
raw_rows,base_morgan2_256,gpr_matern,loocv,0.9990731637322668,1.156506325379112,-0.05194773239201922
raw_rows,base_graph_morgan2_512_sim,knn3_dist_euclid,loocv,0.8682527487025519,1.1573767880833128,-0.0535318583906057
raw_rows,graph_morgan2_256,gpr_matern,loocv,0.9995511296089682,1.157380041979867,-0.05353778228425532
dedup_rows,base,rf,loocv,1.04422807017544,1.179870621066624,-0.05457203705429192
raw_rows,base_morgan2_512,gpr_matern,loocv,1.002491824130615,1.158121337751271,-0.05488778519159854
raw_rows,morgan2_256,enet,loocv,0.8795533193132588,1.159143294606928,-0.05675032829253035
raw_rows,graph_morgan2_512,gpr_matern,loocv,1.0034400998365844,1.1595030945518774,-0.057406464116227074
raw_rows,spectral,svr_rbf,loocv,1.0051947188945691,1.1599097539230803,-0.058148298536645715
raw_rows,graph_morgan3_512,knn3_dist_euclid,loocv,0.859967996908369,1.1603869111712595,-0.05901906797489431
dedup_rows,base_graph_morgan2_256,rf,loocv,1.0407666666666682,1.1829833085236734,-0.060143636251339005
dedup_rows,graph_morgan3_512,extra,loocv,0.9990543859649125,1.1837471312821473,-0.06151309472513877
raw_rows,base_graph_morgan3_512_sim,knn3_dist_euclid,loocv,0.8752319800648954,1.162079786984709,-0.06211130469033366
dedup_rows,base_morgan3_512,rf,loocv,1.0479263157894736,1.1842480132312254,-0.06241160627724285
raw_rows,base_graph_morgan3_512,knn3_dist_euclid,loocv,0.8754092365144923,1.1622525659601513,-0.062427159328425796
raw_rows,base_graph_morgan2_256,gpr_rbf,loocv,0.9987275465952838,1.1623418782713653,-0.06259044822734894
dedup_rows,base_graph_morgan3_512,svr_rbf,loocv,1.0655933053282984,1.1843480131677138,-0.06259103757466589
dedup_rows,atom_pair512,ridge,loocv,1.0348748666711551,1.1849602418754266,-0.06368989851016726
dedup_rows,base_morgan3_512,svr_rbf,loocv,1.0649627435365492,1.1853553626910085,-0.06439938407232604
dedup_rows,base_graph_morgan3_512,rf,loocv,1.0546649122807024,1.185358526092472,-0.06440506528349421
raw_rows,base_morgan3_512,knn3_dist_euclid,loocv,0.8764696795637821,1.1636166166678215,-0.06492240859454457
dedup_rows,base_graph_morgan2_256_sim,rf,loocv,1.0561157894736841,1.1857100158784124,-0.06503640672088484
dedup_rows,base_graph_morgan3_512_sim,svr_rbf,loocv,1.0671841421276869,1.1857264296609868,-0.06506589352082104
raw_rows,base_graph_morgan2_256_sim,gpr_rbf,loocv,1.0008766900706136,1.164521572381299,-0.06657945327154513
raw_rows,base,gpr_rbf,loocv,0.9857881658391163,1.1649854624966225,-0.0674293717700698
raw_rows,base_graph_morgan2_512,gpr_rbf,loocv,1.0011306412060252,1.1650206417421007,-0.067493839401781
dedup_rows,graph_morgan3_512,rf,loocv,1.051794736842106,1.187278904970157,-0.06785670752271145
raw_rows,morgan3_512,knn3_dist_euclid,loocv,0.8784567527595375,1.1659280003587975,-0.06915728962458867
raw_rows,morgan2_512,gpr_matern,loocv,1.009168084963122,1.165959205989161,-0.06921452158686114
raw_rows,base_graph_morgan2_256_sim,knn3_dist_euclid,loocv,0.8840367022530586,1.166279405095141,-0.06980186382373166
dedup_rows,base_morgan2_256,enet,loocv,0.9556296271093178,1.189154924146808,-0.07123401402642648
raw_rows,base_graph_morgan2_512_sim,gpr_rbf,loocv,1.0032933073052204,1.1672462737211478,-0.07157637275389894
dedup_rows,graph_morgan2_256,svr_rbf,loocv,1.0674736438360695,1.1893737602818364,-0.07162832140685449
raw_rows,maccs,gpr_rbf,loocv,1.0138607433958997,1.167933134691028,-0.07283787267609276
raw_rows,morgan2_256,gpr_matern,loocv,1.009349212733429,1.1683568564151798,-0.073616456929674
dedup_rows,base_graph_morgan3_512_sim,extra,loocv,1.017891228070176,1.1907717104112736,-0.07414891400603207
dedup_rows,graph_morgan2_256,rf,loocv,1.0484789473684217,1.1910207094550782,-0.07459818570821497
dedup_rows,morgan3_512,ridge,loocv,1.0179293233077278,1.1918502931470247,-0.0760956904811183
dedup_rows,graph_morgan3_512,svr_rbf,loocv,1.0711324847180441,1.1926680899472533,-0.07757293898484385
dedup_rows,base_graph_spectral,knn3_dist_euclid,loocv,1.0039411835674108,1.1934827354865303,-0.07904550255443721
raw_rows,base_morgan2_256,gpr_rbf,loocv,1.0089020652607112,1.1721259613174304,-0.08055457712169334
dedup_rows,base_graph_morgan3_512,extra,loocv,1.025178947368421,1.1945563775650299,-0.08098776734237934
raw_rows,graph_morgan2_256,gpr_rbf,loocv,1.008843306672883,1.1724279016656418,-0.0811113518350286
raw_rows,base_morgan2_512,gpr_rbf,loocv,1.009848852764697,1.1732667273473352,-0.08265888985934189
dedup_rows,morgan3_512,svr_rbf,loocv,1.071951720138872,1.1959472745073785,-0.08350655664868567
raw_rows,graph_morgan2_512,gpr_rbf,loocv,1.0105655673743328,1.174347159927894,-0.08465379605310264
dedup_rows,spectral,rf,loocv,1.0300754385964885,1.1979742118352212,-0.08718240596646454
dedup_rows,morgan2_256,svr_rbf,loocv,1.0703689613539151,1.1988394841299082,-0.08875347241052411
dedup_rows,base_morgan3_512,knn3_dist_euclid,loocv,0.9469126821918522,1.2016584554462044,-0.0938797187392173
dedup_rows,maccs,svr_rbf,loocv,1.0658090302238064,1.201953046974332,-0.09441612273429079
dedup_rows,graph_morgan2_256,enet,loocv,0.9804073852567863,1.2028549783523221,-0.09605921285971664
dedup_rows,morgan3_512,extra,loocv,1.0205070175438593,1.2035655617144538,-0.0973545834635543
dedup_rows,base_graph_morgan3_512_sim,rf,loocv,1.0733175438596503,1.2037940117111312,-0.09777120296621256
raw_rows,morgan2_256,gpr_rbf,loocv,1.0171270064685016,1.1818128942728394,-0.09848867800933059
raw_rows,morgan2_512,knn3_dist_euclid,loocv,0.9095501229476436,1.1818467757356241,-0.09855166418413375
dedup_rows,base_graph_morgan2_256_sim,extra,loocv,1.0348315789473688,1.2042806980791823,-0.09865902642368996
raw_rows,morgan2_512,gpr_rbf,loocv,1.0229029048329912,1.1820461734624776,-0.09892238429404143
raw_rows,morgan2_256,knn3_dist_euclid,loocv,0.923120318113978,1.1834980670655657,-0.10162362946406667
dedup_rows,graph_morgan2_256,extra,loocv,1.023447368421053,1.2063273816648556,-0.10239655731882014
dedup_rows,base_graph,gpr_matern,loocv,1.0460373058571173,1.2065060696780958,-0.10272316789384761
dedup_rows,base_graph_morgan2_512_sim,enet,loocv,0.9199445353937353,1.2073176347499166,-0.10420717633868204
dedup_rows,base_graph_morgan2_512,enet,loocv,0.9199480842562706,1.2073222739920348,-0.10421566241415126
dedup_rows,morgan3_512,rf,loocv,1.0643140350877205,1.2074749876939204,-0.10449502365848184
raw_rows,graph_morgan2_256,knn3_dist_euclid,loocv,0.9188685227888512,1.1860021965777436,-0.10629034882527155
dedup_rows,morgan2_256,rf,loocv,1.0585210526315791,1.2096108140480513,-0.1084058225656801
dedup_rows,base_morgan3_512,extra,loocv,1.0303122807017544,1.2096209585133904,-0.10842441405224434
dedup_rows,spectral,ridge,loocv,0.9970154057571069,1.2096231125583186,-0.10842836173204673
dedup_rows,base_graph_morgan3_512_sim,knn3_dist_euclid,loocv,0.9697709063395591,1.2096549229843123,-0.10848666095207471
dedup_rows,maccs,rf,loocv,1.0624877192982447,1.2096586349459972,-0.10849346399358417
dedup_rows,base_graph_morgan3_512,knn3_dist_euclid,loocv,0.9678877800178538,1.2102117813882847,-0.10950746809247014
raw_rows,maccs,enet,loocv,0.9268195981817855,1.1881566467266127,-0.11031329626540431
dedup_rows,maccs,extra,loocv,1.0322877192982445,1.2107012867470621,-0.11040519475135402
dedup_rows,morgan3_512,gpr_rbf,loocv,1.1242105262733906,1.2127669618084114,-0.1141975308265486
dedup_rows,base_morgan3_512,gpr_rbf,loocv,1.1242105262760622,1.2127669618097026,-0.11419753082892092
dedup_rows,graph_morgan3_512,gpr_rbf,loocv,1.1242105262765163,1.212766961809922,-0.11419753082932416
dedup_rows,base_graph_morgan3_512,gpr_rbf,loocv,1.1242105262789908,1.2127669618111176,-0.11419753083152129
dedup_rows,base_graph_morgan3_512_sim,gpr_rbf,loocv,1.1242105262791657,1.2127669618112022,-0.1141975308316765
dedup_rows,atom_pair512,gpr_rbf,loocv,1.1242105263157882,1.212766961828901,-0.11419753086419715
dedup_rows,morgan3_512,knn3_dist_euclid,loocv,0.9649264092776411,1.2127919999898993,-0.11424353763387018
dedup_rows,base_graph_morgan2_256,extra,loocv,1.0468789473684217,1.2130297398040677,-0.11468042378638588
raw_rows,base,knn3_dist_euclid,loocv,0.8329894972108087,1.193607297274045,-0.12052375354934441
dedup_rows,base_morgan2_256,knn3_dist_euclid,loocv,0.99286608010896,1.2198353336472312,-0.12722313801378626
dedup_rows,base_graph_spectral,svr_rbf,loocv,1.0214927449636113,1.220546726747496,-0.12853828698432235
dedup_rows,morgan2_512,knn3_dist_euclid,loocv,1.0127229710053856,1.2209345953272714,-0.12925566073763184
dedup_rows,morgan2_256,knn3_dist_euclid,loocv,1.0008830199151229,1.221408393613615,-0.13013227315105924
dedup_rows,rdk512,gpr_rbf,loocv,1.089401211696192,1.2222414037243519,-0.13167431697519216
dedup_rows,base_morgan2_256,extra,loocv,1.041949122807018,1.223651163478808,-0.13428641795696183
dedup_rows,graph_morgan3_512,knn3_dist_euclid,loocv,0.9804947950187579,1.2238449667583704,-0.13464574558670517
dedup_rows,atom_pair512,gpr_matern,loocv,1.1328866553500359,1.2242917857320945,-0.13547440249892806
dedup_rows,base_morgan2_512,enet,loocv,0.9465507562938964,1.225175737575556,-0.13711464389528105
raw_rows,rdk512,knn3_dist_euclid,loocv,0.8259006770823037,1.2035282144610573,-0.1392281003858653
raw_rows,base_graph_morgan2_256_sim,knn1_euclid,loocv,0.8311538461538461,1.203560423205953,-0.1392890771005142
raw_rows,base_graph_morgan2_512_sim,knn1_euclid,loocv,0.8311538461538461,1.203560423205953,-0.1392890771005142
dedup_rows,morgan2_512,ridge,loocv,1.0116728524380316,1.2267100845867798,-0.13996455498277305
dedup_rows,morgan3_512,gpr_matern,loocv,1.1387396574583422,1.2274469451243286,-0.14133447472095106
dedup_rows,base_graph,gpr_rbf,loocv,1.0573585887375578,1.2292711380816732,-0.14472942621935325
raw_rows,base_graph_spectral,knn3_dist_euclid,loocv,0.8377532862390757,1.2064590118700984,-0.14478328730498857
dedup_rows,morgan2_256,tanimoto_knn3w,loocv,1.0006463192181971,1.2295481253338596,-0.1452453598830974
raw_rows,base_graph_morgan2_512,knn1_euclid,loocv,0.8373076923076923,1.2075420043657665,-0.146839466842148
dedup_rows,morgan3_512,knn1_euclid,loocv,0.7363157894736844,1.2310992093076394,-0.1481366532617172
dedup_rows,base_morgan3_512,knn1_euclid,loocv,0.7363157894736844,1.2310992093076394,-0.1481366532617172
dedup_rows,graph_morgan3_512,knn1_euclid,loocv,0.7363157894736844,1.2310992093076394,-0.1481366532617172
dedup_rows,base_graph_morgan3_512,knn1_euclid,loocv,0.7363157894736844,1.2310992093076394,-0.1481366532617172
dedup_rows,base_graph_morgan3_512_sim,knn1_euclid,loocv,0.7363157894736844,1.2310992093076394,-0.1481366532617172
dedup_rows,rdk512,knn1_euclid,loocv,0.7484210526315789,1.2317809101160464,-0.14940852863681653
dedup_rows,base_graph_morgan3_512_sim,gpr_matern,loocv,1.1425317509394457,1.2322534285908904,-0.1502905376562318
dedup_rows,graph_morgan2_256,knn3_dist_euclid,loocv,1.002345715693086,1.2331233815140312,-0.15191528761719342
dedup_rows,base_graph_morgan3_512,gpr_matern,loocv,1.1431950519327594,1.2331766074220973,-0.1520147311300355
dedup_rows,graph_morgan3_512,gpr_matern,loocv,1.1453694020167204,1.2354010623731935,-0.15617458321167788
dedup_rows,base_morgan3_512,gpr_matern,loocv,1.1453250332237441,1.2354464475702993,-0.15625953404555037
dedup_rows,morgan2_512,knn1_euclid,loocv,0.7789473684210527,1.2414507642270796,-0.16752577535923519
dedup_rows,graph_morgan2_512,knn1_euclid,loocv,0.7789473684210527,1.2414507642270796,-0.16752577535923519
dedup_rows,spectral,enet,loocv,1.0275511733604394,1.245608908893367,-0.1753599505165635
dedup_rows,base_graph_morgan2_512,knn1_euclid,loocv,0.7589473684210526,1.2473635354112627,-0.1786736234745261
dedup_rows,base_graph_morgan2_512_sim,knn1_euclid,loocv,0.7589473684210526,1.2473635354112627,-0.1786736234745261
dedup_rows,base_graph_morgan2_512,gpr_rbf,loocv,1.1432317142399575,1.2477664251768164,-0.1794351532404599
raw_rows,base_morgan2_512,enet,loocv,0.8726118093612877,1.2250503738911387,-0.18033702753650704
dedup_rows,morgan2_256,knn1_euclid,loocv,0.7689473684210527,1.249797878395585,-0.1832786894878169
raw_rows,spectral,enet,loocv,1.0048611273561863,1.2271837946787376,-0.18445171258786175
dedup_rows,base_graph_morgan2_256_sim,knn3_dist_euclid,loocv,1.0360145155936216,1.250892470684135,-0.18535226463558563
dedup_rows,base_graph_morgan2_512_sim,gpr_rbf,loocv,1.1469328780263952,1.2512500859171531,-0.18603011765691546
raw_rows,base_graph_morgan2_256,knn1_euclid,loocv,0.836923076923077,1.229305620133703,-0.1885511351704292
dedup_rows,base_graph,svr_rbf,loocv,1.0336909550551503,1.2543330807469113,-0.19188191255480036
dedup_rows,base_morgan2_512,gpr_rbf,loocv,1.1479786263925165,1.254792864160985,-0.1927558558176965
dedup_rows,spectral,knn3_dist_euclid,loocv,1.051245847844578,1.2564460743005488,-0.1959008769932602
raw_rows,morgan2_512,enet,loocv,0.8808225268068888,1.233217790379136,-0.19612811708215938
dedup_rows,graph_morgan2_512,enet,loocv,0.9838916871949481,1.2577085747926262,-0.198305411540324
dedup_rows,base_graph_morgan2_256,gpr_rbf,loocv,1.1547324872847948,1.2579477523105478,-0.19876121660006318
dedup_rows,morgan2_256,enet,loocv,1.0408991136465584,1.2584309920471417,-0.19968240004384952
dedup_rows,base_graph_morgan2_512,gpr_matern,loocv,1.1580454950869494,1.2584559234186017,-0.19972993546536477
raw_rows,atom_pair512,knn1_euclid,loocv,0.8200000000000001,1.2353199523262726,-0.20020946933078854
dedup_rows,maccs,knn3_dist_euclid,loocv,1.0441593410618226,1.259514315145906,-0.2017487875754993
dedup_rows,base_graph_morgan2_256,gpr_matern,loocv,1.1593400824616718,1.2598853197819209,-0.2024568700989875
dedup_rows,base_graph_morgan2_512_sim,gpr_matern,loocv,1.1598095445977734,1.2601577198296643,-0.2029768931731999
dedup_rows,base_graph_morgan2_256_sim,gpr_matern,loocv,1.1603391646690595,1.2606674153111204,-0.20395022512640448
dedup_rows,base_graph_morgan2_256_sim,gpr_rbf,loocv,1.157974259549461,1.260913613360972,-0.2044205143354212
dedup_rows,base_graph_morgan2_256,knn3_dist_euclid,loocv,1.0396463247029342,1.2612088501524072,-0.20498459878049258
raw_rows,base_graph_morgan2_512,enet,loocv,0.8814574786603154,1.2392664867436898,-0.20789044978809157
dedup_rows,morgan2_256,tanimoto_krr_a0.01,loocv,1.0525395624828564,1.2630944889803395,-0.20859044773831226
dedup_rows,base_morgan2_512,gpr_matern,loocv,1.1608371965198856,1.263195762856493,-0.2087842630819834
dedup_rows,graph_morgan2_512,gpr_rbf,loocv,1.1558805566583559,1.2644519441168847,-0.21118960229212447
raw_rows,base_graph_morgan2_512_sim,enet,loocv,0.8883585887381382,1.2440332766605062,-0.21720052728534078
dedup_rows,graph_morgan2_512,gpr_matern,loocv,1.166055596651928,1.2701707458947409,-0.222170196410159
dedup_rows,base_morgan2_256,gpr_matern,loocv,1.1665541125799739,1.270424498944182,-0.22265857231379527
dedup_rows,morgan2_256,extra,loocv,1.0814350877192984,1.2708938337741458,-0.2235621163657433
raw_rows,graph_morgan2_512,enet,loocv,0.8889480365827356,1.247495690948491,-0.22398542193991844
dedup_rows,base_morgan2_256,gpr_rbf,loocv,1.164746254266321,1.2718340376588189,-0.2253731620329773
raw_rows,morgan2_256,tanimoto_krr_a1,loocv,1.046086361123819,1.2484682361191333,-0.2258945990682455
dedup_rows,morgan2_512,gpr_rbf,loocv,1.1626861626801188,1.2740264704248558,-0.22960148707413053
dedup_rows,graph_morgan2_256,gpr_matern,loocv,1.171222876387364,1.2766739327779077,-0.23471708874860164
dedup_rows,morgan2_512,gpr_matern,loocv,1.1702023969996396,1.277050431039594,-0.2354454460399309
dedup_rows,graph_morgan2_256,gpr_rbf,loocv,1.1723657789472466,1.2812695449072873,-0.24362224999433568
dedup_rows,graph,ridge,loocv,1.0617880069413732,1.2832094443671425,-0.24739090032829125
dedup_rows,graph,enet,loocv,1.0238493639154955,1.2845322216551376,-0.24996393438577824
raw_rows,spectral,ridge,loocv,1.059507822784692,1.2611520876981663,-0.2509301591211597
dedup_rows,maccs,gpr_matern,loocv,1.1866873752667855,1.2859159568305063,-0.25265837930908974
dedup_rows,spectral,extra,loocv,1.1093789473684186,1.2859460253058828,-0.2527169616259175
dedup_rows,base_graph_spectral,gpr_matern,loocv,1.1623323780394104,1.2863992407691727,-0.2536001258260434
dedup_rows,atom_pair512,knn3_dist_euclid,loocv,1.1449879656038457,1.2864427773154585,-0.2536849802658221
dedup_rows,morgan2_512,enet,loocv,1.0192072726828754,1.2867591875139788,-0.25430176245548197
raw_rows,graph_morgan2_256,knn1_euclid,loocv,0.8657692307692308,1.2640061465283856,-0.2565984177177272
dedup_rows,graph,gpr_matern,loocv,1.112675093058382,1.2889553321103697,-0.25858691349452667
raw_rows,base_morgan2_256,knn1_euclid,loocv,0.8734615384615385,1.2669238942596963,-0.2624064098266763
dedup_rows,morgan2_256,gpr_matern,loocv,1.1837619466069331,1.293592914119003,-0.2676598427177652
raw_rows,rdk512,knn1_euclid,loocv,0.856923076923077,1.2739641342614854,-0.2764756657114278
dedup_rows,base,gpr_matern,loocv,1.1862109901881832,1.301506371187369,-0.28321690912483866
dedup_rows,morgan2_256,gpr_rbf,loocv,1.1885850150659723,1.3025326602576994,-0.28524144123922746
raw_rows,atom_pair512,knn3_dist_euclid,loocv,0.9824420644834256,1.2807483718333283,-0.2901070894626432
dedup_rows,maccs,gpr_rbf,loocv,1.2068303740590298,1.3076787322584171,-0.29541701756063965
dedup_rows,base_graph_spectral,gpr_rbf,loocv,1.1676621309131534,1.3079618707348635,-0.2959780454331764
dedup_rows,morgan2_256,tanimoto_krr_a0.1,loocv,1.0990146948951907,1.3099396617619663,-0.299900348851843
dedup_rows,graph,gpr_rbf,loocv,1.1179765513948283,1.311021880429924,-0.3020490852795088
dedup_rows,atom_pair512,knn1_euclid,loocv,0.8168421052631579,1.316270648860876,-0.3124956456997141
dedup_rows,spectral,svr_rbf,loocv,1.125049396379581,1.3185230951054525,-0.3169914617729219
raw_rows,spectral,knn3_dist_euclid,loocv,0.9767377027977917,1.2958706008144605,-0.3207524085090996
dedup_rows,graph,knn3_dist_euclid,loocv,1.0471267299603402,1.3223112233507968,-0.32456978815481885
raw_rows,base_morgan3_512,knn1_euclid,loocv,0.9273076923076923,1.2995931315963116,-0.3283513202303703
raw_rows,base_graph_morgan3_512,knn1_euclid,loocv,0.9273076923076923,1.2995931315963116,-0.3283513202303703
raw_rows,base_graph_morgan3_512_sim,knn1_euclid,loocv,0.9273076923076923,1.2995931315963116,-0.3283513202303703
raw_rows,maccs,knn3_dist_euclid,loocv,1.0021513683261971,1.302631439767532,-0.334569664062204
dedup_rows,rdk512,knn3_dist_euclid,loocv,0.9266920995999213,1.3281896772439814,-0.33637295508256426
raw_rows,graph_morgan2_512,knn1_euclid,loocv,0.9334615384615386,1.3059641295580473,-0.34140720249194567
raw_rows,morgan2_512,knn1_euclid,loocv,0.9373076923076924,1.308259266235981,-0.3461261960804667
raw_rows,base_morgan2_512,knn1_euclid,loocv,0.9373076923076924,1.308259266235981,-0.3461261960804667
dedup_rows,base,gpr_rbf,loocv,1.2047776764625757,1.3368818263363051,-0.35392159688742963
dedup_rows,spectral,gpr_rbf,loocv,1.1992335719510039,1.3385652641291224,-0.357333533203559
dedup_rows,morgan2_256,tanimoto_knn1,loocv,0.7968421052631579,1.3401296088144061,-0.3605079443421799
dedup_rows,base_graph,knn1_euclid,loocv,0.7778947368421052,1.35025923436946,-0.3811529935342315
dedup_rows,spectral,gpr_matern,loocv,1.2176405266502481,1.3534562344935417,-0.38770103039928383
raw_rows,base,knn1_euclid,loocv,0.8838461538461538,1.3291697813644077,-0.3895016121482908
dedup_rows,base,svr_rbf,loocv,1.1525272135818225,1.362801575090777,-0.40693077866689764
dedup_rows,base,knn3_dist_euclid,loocv,1.1673743580772054,1.3650937683307691,-0.41166759350752913
raw_rows,morgan2_256,knn1_euclid,loocv,0.9361538461538461,1.3444959021020595,-0.4217299183611787
dedup_rows,base_morgan2_512,knn1_euclid,loocv,0.8905263157894737,1.3729031859147012,-0.4278655073106079
raw_rows,graph,ridge,loocv,1.1156121469108922,1.350183506355751,-0.43378401339065054
raw_rows,graph_morgan3_512,knn1_euclid,loocv,0.9696153846153847,1.358484732792669,-0.4514686529565326
raw_rows,graph,enet,loocv,1.0955347816950218,1.3746822076371934,-0.4862872774235658
raw_rows,morgan2_512,tanimoto_krr_a1,loocv,1.1367603006471474,1.3778569276169268,-0.4931601305725555
dedup_rows,base_graph,knn3_dist_euclid,loocv,1.1881314578711557,1.4110200649055789,-0.5082518126634763
raw_rows,morgan3_512,knn1_euclid,loocv,1.0234615384615384,1.389002132135485,-0.5174135633602266
dedup_rows,maccs,knn1_euclid,loocv,0.9478947368421051,1.4251075675005618,-0.5385186649442526
raw_rows,base,ridge,loocv,1.1321733074049822,1.4081196554270727,-0.5594708394049925
raw_rows,base_graph_spectral,knn1_euclid,loocv,0.8688461538461538,1.4128054468925404,-0.5698669920941737
dedup_rows,morgan2_512,tanimoto_krr_a0.01,loocv,1.1486918681698661,1.4499820938049879,-0.5926955072858253
raw_rows,spectral,knn1_euclid,loocv,0.8842307692307692,1.4297458084999155,-0.6077399406379465
raw_rows,morgan3_512,tanimoto_krr_a1,loocv,1.1806133992309922,1.4450940344140197,-0.6424431767554155
raw_rows,morgan2_256,tanimoto_knn1,loocv,1.0569230769230769,1.4482562459199524,-0.6496391587114128
raw_rows,graph,knn1_euclid,loocv,0.9826923076923078,1.459005193221105,-0.6742172503182939
raw_rows,maccs,knn1_euclid,loocv,0.9980769230769231,1.4597589368954564,-0.6759475479674184
dedup_rows,morgan2_512,tanimoto_krr_a0.1,loocv,1.1954864950081816,1.4927089052449916,-0.6879427959580557
dedup_rows,base,ridge,loocv,1.2476396594812613,1.494457288536736,-0.6918992261748782
dedup_rows,morgan3_512,tanimoto_krr_a0.01,loocv,1.2351517684764735,1.5136257222914875,-0.7355793561529229
dedup_rows,morgan3_512,tanimoto_knn1,loocv,0.9442105263157895,1.519677943720833,-0.7494865073349501
dedup_rows,spectral,knn1_euclid,loocv,0.9863157894736844,1.5395419687959828,-0.7955212191872929
dedup_rows,morgan2_512,tanimoto_knn1,loocv,1.0178947368421052,1.5556180020882544,-0.8332149803038738
raw_rows,morgan3_512,tanimoto_knn1,loocv,1.0992307692307692,1.5347713435307153,-0.8526163829356264
dedup_rows,morgan3_512,tanimoto_krr_a0.1,loocv,1.2850029499006537,1.5654864124784789,-0.8565475717554287
raw_rows,morgan2_512,tanimoto_knn1,loocv,1.1053846153846154,1.537895665161677,-0.8601667726772604
dedup_rows,base_graph_spectral,knn1_euclid,loocv,0.9610526315789473,1.5670488522261066,-0.8602552900026947
dedup_rows,graph,knn1_euclid,loocv,1.0815789473684212,1.6056200638612126,-0.9529586578598586
dedup_rows,base,knn1_euclid,loocv,1.044736842105263,1.6624632959937238,-1.093686285569912
dedup_rows,morgan2_256,tanimoto_krr_a1,loocv,1.4000309724000988,1.677359973709027,-1.131375786367356
raw_rows,base,enet,loocv,1.2936740655672312,1.6800861478463447,-1.2200422473126986
dedup_rows,maccs,ridge,loocv,1.4255691126831358,1.7342434219269496,-1.2783874966012942
raw_rows,base_graph_spectral,ridge,loocv,1.2826760759633078,1.751738940555634,-1.413442217890533
dedup_rows,maccs,enet,loocv,1.5056565182222592,1.8556896616348666,-1.6086641708190283
dedup_rows,morgan2_512,tanimoto_krr_a1,loocv,1.5728242299416562,1.885182949140381,-1.6922444044080942
dedup_rows,base_graph_spectral,ridge,loocv,1.4936330871546353,1.8879277136060422,-1.7000897504187003
dedup_rows,base,enet,loocv,1.5689683108994965,1.9268829497612465,-1.8126658781733882
raw_rows,base_graph_spectral,enet,loocv,1.2350923442547521,1.8991710073461574,-1.8367840759533332
dedup_rows,morgan3_512,tanimoto_krr_a1,loocv,1.6536549354738317,1.9862885936583325,-1.9887677901061238
dedup_rows,base_graph,ridge,loocv,1.5771668419275613,2.126440453768307,-2.4254207832861048
dedup_rows,base_graph_spectral,enet,loocv,1.6256779071315417,2.2162851193754802,-2.7209920138184147
raw_rows,base_graph,ridge,loocv,1.5021380480025646,2.243064212147739,-2.957141221161684
raw_rows,base_graph,enet,loocv,1.7219051950262416,3.082209694008833,-6.471752902676934
dedup_rows,base_graph,enet,loocv,1.9946005820035297,3.1797693560450413,-6.659469941917115
dedup_rows,base,knn1_trainfit,train_fit,0.0,0.0,1.0
dedup_rows,graph,knn1_trainfit,train_fit,0.0,0.0,1.0
dedup_rows,spectral,knn1_trainfit,train_fit,0.0,0.0,1.0
dedup_rows,base_graph,knn1_trainfit,train_fit,0.0,0.0,1.0
dedup_rows,base_graph_spectral,knn1_trainfit,train_fit,0.0,0.0,1.0
dedup_rows,maccs,knn1_trainfit,train_fit,0.0,0.0,1.0
dedup_rows,rdk512,knn1_trainfit,train_fit,0.0,0.0,1.0
dedup_rows,atom_pair512,knn1_trainfit,train_fit,0.0,0.0,1.0
dedup_rows,morgan2_256,knn1_trainfit,train_fit,0.0,0.0,1.0
dedup_rows,base_morgan2_256,knn1_trainfit,train_fit,0.0,0.0,1.0
dedup_rows,graph_morgan2_256,knn1_trainfit,train_fit,0.0,0.0,1.0
dedup_rows,base_graph_morgan2_256,knn1_trainfit,train_fit,0.0,0.0,1.0
dedup_rows,base_graph_morgan2_256_sim,knn1_trainfit,train_fit,0.0,0.0,1.0
dedup_rows,morgan2_512,knn1_trainfit,train_fit,0.0,0.0,1.0
dedup_rows,base_morgan2_512,knn1_trainfit,train_fit,0.0,0.0,1.0
dedup_rows,graph_morgan2_512,knn1_trainfit,train_fit,0.0,0.0,1.0
dedup_rows,base_graph_morgan2_512,knn1_trainfit,train_fit,0.0,0.0,1.0
dedup_rows,base_graph_morgan2_512_sim,knn1_trainfit,train_fit,0.0,0.0,1.0
dedup_rows,morgan3_512,knn1_trainfit,train_fit,0.0,0.0,1.0
dedup_rows,base_morgan3_512,knn1_trainfit,train_fit,0.0,0.0,1.0
dedup_rows,graph_morgan3_512,knn1_trainfit,train_fit,0.0,0.0,1.0
dedup_rows,base_graph_morgan3_512,knn1_trainfit,train_fit,0.0,0.0,1.0
dedup_rows,base_graph_morgan3_512_sim,knn1_trainfit,train_fit,0.0,0.0,1.0
dedup_rows,graph,extra_trainfit,train_fit,1.603395778721805e-14,2.696828202942785e-14,1.0
dedup_rows,spectral,extra_trainfit,train_fit,1.603395778721805e-14,2.696828202942785e-14,1.0
dedup_rows,base_graph,extra_trainfit,train_fit,1.603395778721805e-14,2.696828202942785e-14,1.0
dedup_rows,base_graph_spectral,extra_trainfit,train_fit,1.603395778721805e-14,2.696828202942785e-14,1.0
dedup_rows,maccs,extra_trainfit,train_fit,1.603395778721805e-14,2.696828202942785e-14,1.0
dedup_rows,rdk512,extra_trainfit,train_fit,1.603395778721805e-14,2.696828202942785e-14,1.0
dedup_rows,atom_pair512,extra_trainfit,train_fit,1.603395778721805e-14,2.696828202942785e-14,1.0
dedup_rows,morgan2_256,extra_trainfit,train_fit,1.603395778721805e-14,2.696828202942785e-14,1.0
dedup_rows,base_morgan2_256,extra_trainfit,train_fit,1.603395778721805e-14,2.696828202942785e-14,1.0
dedup_rows,graph_morgan2_256,extra_trainfit,train_fit,1.603395778721805e-14,2.696828202942785e-14,1.0
dedup_rows,base_graph_morgan2_256,extra_trainfit,train_fit,1.603395778721805e-14,2.696828202942785e-14,1.0
dedup_rows,base_graph_morgan2_256_sim,extra_trainfit,train_fit,1.603395778721805e-14,2.696828202942785e-14,1.0
dedup_rows,morgan2_512,extra_trainfit,train_fit,1.603395778721805e-14,2.696828202942785e-14,1.0
dedup_rows,base_morgan2_512,extra_trainfit,train_fit,1.603395778721805e-14,2.696828202942785e-14,1.0
dedup_rows,graph_morgan2_512,extra_trainfit,train_fit,1.603395778721805e-14,2.696828202942785e-14,1.0
dedup_rows,base_graph_morgan2_512,extra_trainfit,train_fit,1.603395778721805e-14,2.696828202942785e-14,1.0
dedup_rows,base_graph_morgan2_512_sim,extra_trainfit,train_fit,1.603395778721805e-14,2.696828202942785e-14,1.0
dedup_rows,morgan3_512,extra_trainfit,train_fit,1.603395778721805e-14,2.696828202942785e-14,1.0
dedup_rows,base_morgan3_512,extra_trainfit,train_fit,1.603395778721805e-14,2.696828202942785e-14,1.0
dedup_rows,graph_morgan3_512,extra_trainfit,train_fit,1.603395778721805e-14,2.696828202942785e-14,1.0
dedup_rows,base_graph_morgan3_512,extra_trainfit,train_fit,1.603395778721805e-14,2.696828202942785e-14,1.0
dedup_rows,base_graph_morgan3_512_sim,extra_trainfit,train_fit,1.603395778721805e-14,2.696828202942785e-14,1.0
dedup_rows,base,extra_trainfit,train_fit,0.00017192982457038322,0.0004933475578834856,0.9999998156201564
dedup_rows,morgan3_512,tanimoto_krr_a0.01_trainfit,train_fit,0.017464328363037386,0.021462669363834053,0.9996510405631592
dedup_rows,morgan2_256,tanimoto_krr_a0.01_trainfit,train_fit,0.01748278999976094,0.02189457393366503,0.9996368546617391
dedup_rows,morgan2_512,tanimoto_krr_a0.01_trainfit,train_fit,0.017209388771837853,0.022121658397293215,0.9996292827112686
dedup_rows,morgan2_256,tanimoto_krr_a0.1_trainfit,train_fit,0.14816800236806282,0.17717109481583737,0.9762210203823106
dedup_rows,morgan3_512,tanimoto_krr_a0.1_trainfit,train_fit,0.15476220750372444,0.18481128632436739,0.9741259474105761
dedup_rows,morgan2_512,tanimoto_krr_a0.1_trainfit,train_fit,0.15052344155801337,0.18528587043313807,0.973992890811856
raw_rows,base,extra_trainfit,train_fit,0.1767948717948809,0.3682242558062988,0.8933593157211092
raw_rows,graph,extra_trainfit,train_fit,0.1767948717948809,0.3682242558062988,0.8933593157211092
raw_rows,spectral,extra_trainfit,train_fit,0.1767948717948809,0.3682242558062988,0.8933593157211092
raw_rows,base_graph,extra_trainfit,train_fit,0.1767948717948809,0.3682242558062988,0.8933593157211092
raw_rows,base_graph_spectral,extra_trainfit,train_fit,0.1767948717948809,0.3682242558062988,0.8933593157211092
raw_rows,maccs,extra_trainfit,train_fit,0.1767948717948809,0.3682242558062988,0.8933593157211092
raw_rows,rdk512,extra_trainfit,train_fit,0.1767948717948809,0.3682242558062988,0.8933593157211092
raw_rows,atom_pair512,extra_trainfit,train_fit,0.1767948717948809,0.3682242558062988,0.8933593157211092
raw_rows,morgan2_256,extra_trainfit,train_fit,0.1767948717948809,0.3682242558062988,0.8933593157211092
raw_rows,base_morgan2_256,extra_trainfit,train_fit,0.1767948717948809,0.3682242558062988,0.8933593157211092
raw_rows,graph_morgan2_256,extra_trainfit,train_fit,0.1767948717948809,0.3682242558062988,0.8933593157211092
raw_rows,base_graph_morgan2_256,extra_trainfit,train_fit,0.1767948717948809,0.3682242558062988,0.8933593157211092
raw_rows,base_graph_morgan2_256_sim,extra_trainfit,train_fit,0.1767948717948809,0.3682242558062988,0.8933593157211092
raw_rows,morgan2_512,extra_trainfit,train_fit,0.1767948717948809,0.3682242558062988,0.8933593157211092
raw_rows,base_morgan2_512,extra_trainfit,train_fit,0.1767948717948809,0.3682242558062988,0.8933593157211092
raw_rows,graph_morgan2_512,extra_trainfit,train_fit,0.1767948717948809,0.3682242558062988,0.8933593157211092
raw_rows,base_graph_morgan2_512,extra_trainfit,train_fit,0.1767948717948809,0.3682242558062988,0.8933593157211092
raw_rows,base_graph_morgan2_512_sim,extra_trainfit,train_fit,0.1767948717948809,0.3682242558062988,0.8933593157211092
raw_rows,morgan3_512,extra_trainfit,train_fit,0.1767948717948809,0.3682242558062988,0.8933593157211092
raw_rows,base_morgan3_512,extra_trainfit,train_fit,0.1767948717948809,0.3682242558062988,0.8933593157211092
raw_rows,graph_morgan3_512,extra_trainfit,train_fit,0.1767948717948809,0.3682242558062988,0.8933593157211092
raw_rows,base_graph_morgan3_512,extra_trainfit,train_fit,0.1767948717948809,0.3682242558062988,0.8933593157211092
raw_rows,base_graph_morgan3_512_sim,extra_trainfit,train_fit,0.1767948717948809,0.3682242558062988,0.8933593157211092
raw_rows,morgan3_512,tanimoto_krr_a0.01_trainfit,train_fit,0.18710440165131714,0.3685916843286444,0.8931463890737968
raw_rows,morgan2_256,tanimoto_krr_a0.01_trainfit,train_fit,0.1871425970100146,0.3686232948248547,0.8931280607140276
raw_rows,morgan2_512,tanimoto_krr_a0.01_trainfit,train_fit,0.18706988297555754,0.3686266522297935,0.8931261139352111
dedup_rows,rdk512,rf_trainfit,train_fit,0.3065719298245658,0.3778849808763647,0.8918250410318477
dedup_rows,graph,rf_trainfit,train_fit,0.3342429824561387,0.39294781041574206,0.8830292638410093
raw_rows,base,knn1_trainfit,train_fit,0.1042307692307692,0.39223717314910367,0.878997139401002
raw_rows,graph,knn1_trainfit,train_fit,0.1042307692307692,0.39223717314910367,0.878997139401002
raw_rows,spectral,knn1_trainfit,train_fit,0.1042307692307692,0.39223717314910367,0.878997139401002
raw_rows,morgan2_256,tanimoto_krr_a0.1_trainfit,train_fit,0.26529727806413467,0.3924610991863352,0.878858940233186
dedup_rows,graph_morgan2_512,rf_trainfit,train_fit,0.3493228070175446,0.4006475035190208,0.8784003405179401
raw_rows,morgan3_512,tanimoto_krr_a0.1_trainfit,train_fit,0.26926129921511077,0.39380627375421384,0.8780270863672756
raw_rows,morgan2_512,tanimoto_krr_a0.1_trainfit,train_fit,0.2679686283532146,0.3945586872039573,0.8775605537625858
dedup_rows,morgan2_512,rf_trainfit,train_fit,0.34981315789473777,0.40326153389856445,0.8768084066645293
dedup_rows,base_graph_morgan2_512_sim,rf_trainfit,train_fit,0.35420350877193085,0.40403883415202174,0.8763330370299015
dedup_rows,base_graph_spectral,rf_trainfit,train_fit,0.35182105263158203,0.404419496575681,0.8760999032925638
dedup_rows,base_graph,rf_trainfit,train_fit,0.34613245614035365,0.4046639367917114,0.8759500820328022
dedup_rows,atom_pair512,rf_trainfit,train_fit,0.37388684210526724,0.41451709473492976,0.8698355558527194
dedup_rows,base_graph_morgan3_512,rf_trainfit,train_fit,0.36475701754386103,0.4145768389511622,0.8697980320293928
dedup_rows,graph_morgan2_256,rf_trainfit,train_fit,0.36408245614035223,0.4150953072058611,0.8694721681997528
dedup_rows,base_graph_morgan2_512,rf_trainfit,train_fit,0.3675868421052644,0.4162166589741493,0.8687659915047186
dedup_rows,base,rf_trainfit,train_fit,0.36368421052631644,0.41768224446244073,0.8678401598281179
dedup_rows,base_morgan2_512,rf_trainfit,train_fit,0.371386842105264,0.4192106070408483,0.8668712045546276
dedup_rows,base_graph_morgan2_256,rf_trainfit,train_fit,0.37047631578947476,0.4193136875679976,0.8668057258984634
dedup_rows,morgan2_256,rf_trainfit,train_fit,0.3636675438596541,0.42005765941932743,0.8663326638360556
dedup_rows,base_graph_morgan3_512_sim,rf_trainfit,train_fit,0.3701754385964918,0.4205776292112826,0.8660015378933938
dedup_rows,spectral,rf_trainfit,train_fit,0.36577719298245226,0.4278217869668502,0.8613457226571625
dedup_rows,maccs,rf_trainfit,train_fit,0.3728175438596498,0.42872889595649033,0.8607571229882426
dedup_rows,base_graph_morgan2_256_sim,rf_trainfit,train_fit,0.38102719298246035,0.4287455059181729,0.8607463335888084
dedup_rows,graph_morgan3_512,rf_trainfit,train_fit,0.3770377192982496,0.43012821808296725,0.8598466939616587
dedup_rows,morgan3_512,rf_trainfit,train_fit,0.3752649122807025,0.43229752590829584,0.8584294312145988
dedup_rows,base_morgan3_512,rf_trainfit,train_fit,0.38209298245614104,0.43373252129537215,0.8574879949096533
dedup_rows,base_morgan2_256,rf_trainfit,train_fit,0.3833771929824601,0.4344403837323886,0.8570224489396203
raw_rows,graph,rf_trainfit,train_fit,0.349288487484741,0.44822831485346215,0.8419855832979865
raw_rows,base_graph_spectral,knn1_trainfit,train_fit,0.1515384615384615,0.4604763419964825,0.8332319765800165
raw_rows,base_graph,rf_trainfit,train_fit,0.37670724358974716,0.4634144736508826,0.8310970151236434
raw_rows,base_graph_spectral,rf_trainfit,train_fit,0.3831433180708217,0.46722626093587266,0.8283069852601415
raw_rows,rdk512,rf_trainfit,train_fit,0.3600653311965838,0.468472777675236,0.8273896408157346
raw_rows,base_graph_morgan2_512_sim,rf_trainfit,train_fit,0.3864054487179509,0.47388577627326967,0.8233777211461235
raw_rows,base_graph_morgan2_256,rf_trainfit,train_fit,0.3895636355311378,0.47635426415172766,0.8215328651918016
raw_rows,base_graph_morgan2_256_sim,rf_trainfit,train_fit,0.39146773962149184,0.4771720678863474,0.820919555373596
raw_rows,base_morgan2_512,rf_trainfit,train_fit,0.3878405860805882,0.47839728322294683,0.8199987395513615
raw_rows,base,rf_trainfit,train_fit,0.39328044719170074,0.4799833755885412,0.8188031980619939
raw_rows,base_graph_morgan2_512,rf_trainfit,train_fit,0.3938900503663026,0.4814147585241867,0.8177208741656007
raw_rows,graph_morgan2_512,rf_trainfit,train_fit,0.3875322664835188,0.48149769579833496,0.8176580633115867
raw_rows,base_morgan2_256,rf_trainfit,train_fit,0.394936724664227,0.48175587940809766,0.8174624639490574
raw_rows,spectral,rf_trainfit,train_fit,0.40210315628815824,0.4820888072777889,0.8172100837105899
raw_rows,base_morgan3_512,rf_trainfit,train_fit,0.39021100885226256,0.4831190683462124,0.816427976512762
raw_rows,graph_morgan2_256,rf_trainfit,train_fit,0.394817649572652,0.4834279198853301,0.8161931912253848
raw_rows,morgan2_512,rf_trainfit,train_fit,0.3925938125763148,0.483628808544536,0.8160403975041872
raw_rows,base_graph_morgan3_512,rf_trainfit,train_fit,0.39627558608058805,0.48489978880525564,0.8150722324760931
raw_rows,base_graph_morgan3_512_sim,rf_trainfit,train_fit,0.3997109310134332,0.4851880965827932,0.8148522614015661
raw_rows,atom_pair512,rf_trainfit,train_fit,0.407486781135534,0.4853571956860328,0.8147231825036495
raw_rows,graph_morgan3_512,rf_trainfit,train_fit,0.39455898656898863,0.4863673096231731,0.8139511925381071
raw_rows,morgan2_256,rf_trainfit,train_fit,0.39766536630036864,0.4864303478605511,0.8139029617104838
raw_rows,maccs,rf_trainfit,train_fit,0.40939329822955006,0.4922897714040907,0.8093925982030987
raw_rows,morgan3_512,rf_trainfit,train_fit,0.4074414224664245,0.49330895782357104,0.8086025530739263
raw_rows,base_graph,knn1_trainfit,train_fit,0.19884615384615384,0.5198335532426924,0.7874668137590308
raw_rows,maccs,knn1_trainfit,train_fit,0.21153846153846154,0.5528457845895739,0.7596156765990855
raw_rows,rdk512,knn1_trainfit,train_fit,0.21153846153846154,0.5528457845895739,0.7596156765990855
raw_rows,atom_pair512,knn1_trainfit,train_fit,0.21153846153846154,0.5528457845895739,0.7596156765990855
raw_rows,morgan2_256,knn1_trainfit,train_fit,0.21153846153846154,0.5528457845895739,0.7596156765990855
raw_rows,base_morgan2_256,knn1_trainfit,train_fit,0.21153846153846154,0.5528457845895739,0.7596156765990855
raw_rows,graph_morgan2_256,knn1_trainfit,train_fit,0.21153846153846154,0.5528457845895739,0.7596156765990855
raw_rows,base_graph_morgan2_256,knn1_trainfit,train_fit,0.21153846153846154,0.5528457845895739,0.7596156765990855
raw_rows,base_graph_morgan2_256_sim,knn1_trainfit,train_fit,0.21153846153846154,0.5528457845895739,0.7596156765990855
raw_rows,morgan2_512,knn1_trainfit,train_fit,0.21153846153846154,0.5528457845895739,0.7596156765990855
raw_rows,base_morgan2_512,knn1_trainfit,train_fit,0.21153846153846154,0.5528457845895739,0.7596156765990855
raw_rows,graph_morgan2_512,knn1_trainfit,train_fit,0.21153846153846154,0.5528457845895739,0.7596156765990855
raw_rows,base_graph_morgan2_512,knn1_trainfit,train_fit,0.21153846153846154,0.5528457845895739,0.7596156765990855
raw_rows,base_graph_morgan2_512_sim,knn1_trainfit,train_fit,0.21153846153846154,0.5528457845895739,0.7596156765990855
raw_rows,morgan3_512,knn1_trainfit,train_fit,0.21153846153846154,0.5528457845895739,0.7596156765990855
raw_rows,base_morgan3_512,knn1_trainfit,train_fit,0.21153846153846154,0.5528457845895739,0.7596156765990855
raw_rows,graph_morgan3_512,knn1_trainfit,train_fit,0.21153846153846154,0.5528457845895739,0.7596156765990855
raw_rows,base_graph_morgan3_512,knn1_trainfit,train_fit,0.21153846153846154,0.5528457845895739,0.7596156765990855
raw_rows,base_graph_morgan3_512_sim,knn1_trainfit,train_fit,0.21153846153846154,0.5528457845895739,0.7596156765990855
raw_rows,morgan2_256,tanimoto_krr_a1_trainfit,train_fit,0.6793994139000861,0.8104173440986767,0.48344616419190856
raw_rows,morgan2_512,tanimoto_krr_a1_trainfit,train_fit,0.7261493592681167,0.8738532120587701,0.3994141293970024
raw_rows,morgan3_512,tanimoto_krr_a1_trainfit,train_fit,0.7458514583727859,0.9031530630170933,0.3584642610809745
dedup_rows,morgan2_256,tanimoto_krr_a1_trainfit,train_fit,0.7938567912587963,0.9384323956525237,0.33286540785029206
dedup_rows,morgan2_512,tanimoto_krr_a1_trainfit,train_fit,0.8693236480773602,1.0276799585274774,0.19993872277269098
dedup_rows,morgan3_512,tanimoto_krr_a1_trainfit,train_fit,0.9020816735000816,1.0698444224667933,0.13294084012546736
