model,feature_set,mae,rmse,r2
knn_k1_distance,descriptors,0.751578947368421,1.3031540685259704,-0.286468051816803
knn_k1_uniform,descriptors,0.751578947368421,1.3031540685259704,-0.286468051816803
knn_k1_distance,morgan_512,0.7789473684210527,1.2414507642270796,-0.16752577535923519
knn_k1_uniform,morgan_512,0.7789473684210527,1.2414507642270796,-0.16752577535923519
knn_k1_distance,descriptors_plus_morgan_1024,0.8531578947368421,1.3280951931639777,-0.33618282940963695
knn_k1_distance,descriptors_plus_morgan_2048,0.8531578947368421,1.3280951931639777,-0.33618282940963695
knn_k1_distance,descriptors_plus_similarity_plus_morgan_1024,0.8531578947368421,1.3280951931639777,-0.33618282940963695
knn_k1_distance,descriptors_plus_similarity_plus_morgan_2048,0.8531578947368421,1.3280951931639777,-0.33618282940963695
knn_k1_distance,morgan_1024,0.8531578947368421,1.3280951931639777,-0.33618282940963695
knn_k1_distance,morgan_2048,0.8531578947368421,1.3280951931639777,-0.33618282940963695
knn_k1_uniform,descriptors_plus_morgan_1024,0.8531578947368421,1.3280951931639777,-0.33618282940963695
knn_k1_uniform,descriptors_plus_morgan_2048,0.8531578947368421,1.3280951931639777,-0.33618282940963695
knn_k1_uniform,descriptors_plus_similarity_plus_morgan_1024,0.8531578947368421,1.3280951931639777,-0.33618282940963695
knn_k1_uniform,descriptors_plus_similarity_plus_morgan_2048,0.8531578947368421,1.3280951931639777,-0.33618282940963695
knn_k1_uniform,morgan_1024,0.8531578947368421,1.3280951931639777,-0.33618282940963695
knn_k1_uniform,morgan_2048,0.8531578947368421,1.3280951931639777,-0.33618282940963695
knn_k1_distance,descriptors_plus_similarity_plus_morgan_512,0.8905263157894736,1.3729031859147012,-0.4278655073106079
knn_k1_distance,descriptors_plus_morgan_512,0.8905263157894737,1.3729031859147012,-0.4278655073106079
knn_k1_uniform,descriptors_plus_morgan_512,0.8905263157894737,1.3729031859147012,-0.4278655073106079
knn_k1_uniform,descriptors_plus_similarity_plus_morgan_512,0.8905263157894737,1.3729031859147012,-0.4278655073106079
knn_k3_distance,morgan_2048,0.8910953560225596,1.1280526918351648,0.03602393820981675
knn_k3_uniform,morgan_2048,0.8956140350877192,1.1257665354760111,0.0399272431979415
knn_k3_distance,descriptors_plus_morgan_2048,0.9127047457993119,1.1398768038974452,0.015709465071781614
elastic_net_a0.5_l10.2,descriptors_plus_morgan_512,0.9199192032990064,1.1486317329119964,0.0005315316713500051
elastic_net_a0.5_l10.2,descriptors_plus_similarity_plus_morgan_512,0.919919310275581,1.1486318399492175,0.0005313453969694182
knn_k3_distance,descriptors_plus_similarity_plus_morgan_1024,0.9206243630491328,1.147503651511713,0.0024937413197072544
knn_k3_uniform,descriptors_plus_morgan_512,0.9207017543859649,1.074754970034582,0.12496303216544347
knn_k3_uniform,descriptors_plus_similarity_plus_morgan_512,0.9221052631578949,1.1148088761798396,0.05852603939187995
knn_k3_uniform,descriptors_plus_morgan_2048,0.9247368421052632,1.1472736561541292,0.0028935636936553433
knn_k3_distance,descriptors_plus_morgan_512,0.9256565450605019,1.0870377401691256,0.10484813349031519
elastic_net_a0.01_l10.2,descriptors_plus_morgan_2048,0.9256967311790669,1.1633086691816006,-0.025173581474513096
elastic_net_a0.01_l10.2,descriptors_plus_similarity_plus_morgan_2048,0.9257127632322892,1.163312563100895,-0.02518044457108548
knn_k3_distance,descriptors_plus_similarity_plus_morgan_512,0.9269911979661349,1.124879289932729,0.04143996289095031
knn_k3_distance,morgan_1024,0.9282491396954299,1.1880779309568672,-0.06929450342438326
elastic_net_a0.05_l10.2,descriptors_plus_morgan_2048,0.9295490006964435,1.1647229156857608,-0.02766772510116211
elastic_net_a0.05_l10.2,descriptors_plus_similarity_plus_morgan_2048,0.9295521335311818,1.1647231433929008,-0.02766812692600551
knn_k3_uniform,descriptors_plus_similarity_plus_morgan_1024,0.9314035087719298,1.152472298001483,-0.006163287636380188
knn_k3_uniform,morgan_1024,0.9314035087719299,1.1845301582933347,-0.06291790207550574
elastic_net_a0.1_l10.2,descriptors_plus_morgan_2048,0.9373535407329274,1.1708585616514922,-0.038523549047948524
elastic_net_a0.1_l10.2,descriptors_plus_similarity_plus_morgan_2048,0.9373556383602688,1.1708604558133564,-0.03852690920323498
elastic_net_a1_l10.2,descriptors_plus_morgan_512,0.9429227918311597,1.1213139295206702,0.04750673982334297
elastic_net_a1_l10.2,descriptors_plus_similarity_plus_morgan_512,0.9429227918311597,1.1213139295206702,0.04750673982334297
elastic_net_a0.5_l10.2,morgan_512,0.9435449587748453,1.1727253315865753,-0.04183774955384334
elastic_net_a1_l10.2,morgan_512,0.9440995837012839,1.1246761576645474,0.041786127844582355
knn_k3_distance,descriptors_plus_similarity_plus_morgan_2048,0.9472486968987552,1.1735726508240265,-0.04334379372898889
elastic_net_a0.05_l10.2,morgan_2048,0.9524866803914191,1.1896167048623143,-0.07206615329986077
elastic_net_a0.5_l10.5,morgan_512,0.9538140891174118,1.1476494183065593,0.0022402998160959697
elastic_net_a0.01_l10.2,morgan_2048,0.9549536995063675,1.1898634960772072,-0.07251100911117692
elastic_net_a0.1_l10.2,morgan_2048,0.9555670148784303,1.1906485257709976,-0.07392668534158808
knn_k3_distance,descriptors_plus_morgan_1024,0.9558781840929562,1.2042563471849532,-0.09861459648421023
elastic_net_a0.5_l10.5,descriptors_plus_morgan_512,0.9562851015690331,1.1461872802954327,0.0047810287952800845
elastic_net_a0.5_l10.5,descriptors_plus_similarity_plus_morgan_512,0.9562851015690331,1.1461872802954327,0.0047810287952800845
knn_k3_uniform,descriptors_plus_similarity_plus_morgan_2048,0.9605263157894737,1.1823015022003749,-0.05892197177825853
random_forest_n200_leaf2_featsqrt_depth6,descriptors_plus_similarity_plus_morgan_512,0.96143138136717,1.0835970362088878,0.1105058546685076
random_forest_n200_leaf2_featsqrt_depthnone,descriptors_plus_similarity_plus_morgan_512,0.96143138136717,1.0835970362088878,0.1105058546685076
random_forest_n200_leaf2_featsqrt_depth4,descriptors_plus_similarity_plus_morgan_512,0.9614420048007544,1.0835188476184974,0.1106342156401211
random_forest_n200_leaf1_featsqrt_depthnone,morgan_512,0.9621526315789477,1.1182623228167796,0.052684022655791196
elastic_net_a0.01_l10.5,morgan_2048,0.9622068865644814,1.223165451171431,-0.13338611639039888
random_forest_n500_leaf1_feat0p3_depthnone,descriptors,0.9631294736842098,1.119818755043586,0.05004517993185975
random_forest_n500_leaf1_feat0p3_depth6,descriptors,0.9632541808688384,1.1200275576697576,0.049690887680823304
knn_k3_uniform,descriptors_plus_morgan_1024,0.9671929824561405,1.209939585751946,-0.10900843290982754
random_forest_n200_leaf1_featsqrt_depth6,morgan_512,0.968745805137845,1.1264754042580212,0.03871779194423741
random_forest_n200_leaf2_featsqrt_depth4,morgan_512,0.9705160607229032,1.1059436330496442,0.07344018191662327
elastic_net_a0.1_l10.8,descriptors_plus_morgan_512,0.9705886921980226,1.2475039032912938,-0.17893891458195776
elastic_net_a0.1_l10.8,descriptors_plus_similarity_plus_morgan_512,0.9705891165698075,1.2474989161803811,-0.17892948857958846
random_forest_n200_leaf2_featsqrt_depth6,morgan_512,0.9715553516585759,1.1073462349170626,0.07108849130402595
random_forest_n200_leaf2_featsqrt_depthnone,morgan_512,0.9715553516585759,1.1073462349170626,0.07108849130402595
elastic_net_a0.01_l10.5,descriptors_plus_morgan_2048,0.9718923051820336,1.2271016313413148,-0.14069238898575298
elastic_net_a0.01_l10.5,descriptors_plus_similarity_plus_morgan_2048,0.9719424046447683,1.2271465398454826,-0.14077588284636833
elastic_net_a0.01_l10.2,descriptors_plus_morgan_512,0.9759609176413235,1.244952072572019,-0.17412069227182636
elastic_net_a0.01_l10.2,descriptors_plus_similarity_plus_morgan_512,0.975979345397106,1.244949573819449,-0.1741159791037974
random_forest_n500_leaf1_feat0p3_depth4,descriptors,0.9765514181286546,1.1287745655587462,0.03478979082005729
elastic_net_a0.05_l10.2,descriptors_plus_similarity_plus_morgan_512,0.977234716122699,1.2444650954877614,-0.17320233074328661
elastic_net_a0.05_l10.2,descriptors_plus_morgan_512,0.9772500344765352,1.2444935219615452,-0.17325592868880513
elastic_net_a0.1_l10.2,descriptors_plus_similarity_plus_morgan_512,0.9772725495067286,1.2388047293578994,-0.1625541378025852
elastic_net_a0.1_l10.2,descriptors_plus_morgan_512,0.9772802795245453,1.2388132546684623,-0.1625701389833032
random_forest_n500_leaf1_featsqrt_depthnone,morgan_512,0.9779557894736839,1.1240058951147147,0.04292790272724034
random_forest_n200_leaf1_featsqrt_depthnone,descriptors_plus_similarity_plus_morgan_512,0.978331578947369,1.122629070061598,0.045271153400635034
random_forest_n200_leaf1_featsqrt_depth6,descriptors_plus_similarity_plus_morgan_512,0.9789669799498754,1.1251029254132177,0.04105878538065111
random_forest_n200_leaf1_featsqrt_depth4,descriptors_plus_similarity_plus_morgan_512,0.9796425575374921,1.1239668817266386,0.04299434006055369
random_forest_n500_leaf1_featsqrt_depth6,morgan_512,0.979850637464874,1.1264526024014607,0.03875670765797512
elastic_net_a0.05_l10.5,morgan_2048,0.9816991397832565,1.232599375685632,-0.15093650141637527
random_forest_n200_leaf1_feat0p3_depthnone,descriptors,0.9828157894736846,1.1381365357229198,0.018712635077738904
random_forest_n500_leaf2_featsqrt_depth6,morgan_512,0.982965815054829,1.1143967655996194,0.059221978712443835
random_forest_n500_leaf2_featsqrt_depthnone,morgan_512,0.982965815054829,1.1143967655996194,0.059221978712443835
random_forest_n500_leaf2_featsqrt_depth4,morgan_512,0.9836157582461404,1.1142809256842985,0.059417553548172464
knn_k5_distance,morgan_2048,0.9836631950209186,1.221536748044763,-0.13036981058349473
random_forest_n200_leaf1_featsqrt_depth4,morgan_512,0.9839307395747525,1.1355984420988487,0.023084381444391844
random_forest_n200_leaf1_feat0p3_depth6,descriptors,0.9840164390142025,1.1389954631371024,0.017230962827219254
elastic_net_a0.1_l10.5,descriptors_plus_morgan_512,0.9892287885663394,1.2535094534097693,-0.1903171858531716
elastic_net_a0.05_l10.5,descriptors_plus_morgan_2048,0.9892427882334862,1.2337139559376158,-0.1530189153997481
elastic_net_a0.05_l10.5,descriptors_plus_similarity_plus_morgan_2048,0.9892535751453091,1.2337243359856154,-0.15303831769633014
elastic_net_a0.1_l10.5,descriptors_plus_similarity_plus_morgan_512,0.9892827113342887,1.2535317541753346,-0.19035953929624227
random_forest_n500_leaf2_featsqrt_depth4,descriptors_plus_morgan_512,0.989450913996822,1.1177476926377625,0.053555741575463056
random_forest_n500_leaf1_featsqrt_depth4,morgan_512,0.9897450044955044,1.132361739541144,0.02864528922884757
elastic_net_a0.1_l10.8,descriptors_plus_similarity_plus_morgan_2048,0.9899180864327385,1.2171371884786801,-0.12224205910680563
elastic_net_a0.1_l10.8,descriptors_plus_morgan_2048,0.9899631070194425,1.2171651020783554,-0.12229353428163958
random_forest_n500_leaf2_featsqrt_depth6,descriptors_plus_morgan_512,0.9900533851747668,1.1181768008700161,0.052828913898151586
random_forest_n500_leaf2_featsqrt_depthnone,descriptors_plus_morgan_512,0.9900533851747668,1.1181768008700161,0.052828913898151586
random_forest_n500_leaf2_featsqrt_depth6,descriptors_plus_similarity_plus_morgan_512,0.9906160988543615,1.1115202208034058,0.06407249069963061
random_forest_n500_leaf2_featsqrt_depthnone,descriptors_plus_similarity_plus_morgan_512,0.9906160988543615,1.1115202208034058,0.06407249069963061
random_forest_n500_leaf2_featsqrt_depth4,descriptors_plus_similarity_plus_morgan_512,0.991239320658873,1.1121055700357283,0.06308647408588719
elastic_net_a0.1_l10.8,morgan_2048,0.991750852114543,1.2211822769113543,-0.12971387398152667
elastic_net_a0.5_l10.2,descriptors_plus_morgan_1024,0.992291976232153,1.213948998580526,-0.11637051923999109
elastic_net_a0.5_l10.2,descriptors_plus_similarity_plus_morgan_1024,0.9922920566097316,1.2139489588359498,-0.11637044614026038
knn_k5_distance,descriptors_plus_similarity_plus_morgan_512,0.9930266007593409,1.1489436061823368,-1.1287768267864706e-05
elastic_net_a0.1_l10.5,morgan_2048,0.993169874116491,1.227629766815487,-0.14167449143470812
random_forest_n200_leaf1_featsqrt_depth4,descriptors_plus_morgan_512,0.9945256225937806,1.1369447745418693,0.02076660289608101
knn_k1_distance,descriptors_plus_similarity,0.994736842105263,1.5082649495014915,-0.7233074047866666
knn_k1_uniform,descriptors_plus_similarity,0.994736842105263,1.5082649495014915,-0.7233074047866666
knn_k5_distance,descriptors_plus_similarity_plus_morgan_2048,0.9958821667136588,1.218036247874322,-0.12390059837530765
random_forest_n500_leaf2_feat0p3_depth4,morgan_512,0.9962672477025901,1.1643769372992872,-0.027057282894216383
random_forest_n500_leaf2_feat0p3_depth6,morgan_512,0.9962818997493736,1.1645689192321143,-0.027395992278021142
random_forest_n500_leaf2_feat0p3_depthnone,morgan_512,0.9962818997493736,1.1645689192321143,-0.027395992278021142
knn_k5_distance,descriptors_plus_similarity_plus_morgan_1024,0.9979332120841143,1.2065904754488037,-0.10287746376844686
knn_k5_uniform,morgan_2048,0.9981052631578947,1.2345944998044371,-0.15466540087682001
knn_k5_uniform,descriptors_plus_similarity_plus_morgan_512,0.9988421052631578,1.152709485470965,-0.006577482202978047
random_forest_n200_leaf1_feat0p3_depth4,descriptors,0.998884637635756,1.1540142289536597,-0.008857447273160846
knn_k3_distance,descriptors,0.9990983028184635,1.3052480607355064,-0.29060573357352704
elastic_net_a0.1_l10.5,descriptors_plus_similarity_plus_morgan_2048,0.9998252449375774,1.2281770689411358,-0.1426926814072742
elastic_net_a0.1_l10.5,descriptors_plus_morgan_2048,0.9998928785644525,1.2282541316135633,-0.14283608371737166
elastic_net_a0.5_l10.8,descriptors_plus_morgan_2048,1.0002382847347033,1.1035390111005632,0.07746498723610384
elastic_net_a0.5_l10.8,descriptors_plus_similarity_plus_morgan_2048,1.0002382847347033,1.1035390111005632,0.07746498723610384
elastic_net_a0.5_l10.8,morgan_2048,1.0002948776061542,1.1035697377169842,0.07741361293248428
random_forest_n200_leaf2_featsqrt_depth4,descriptors_plus_morgan_512,1.000412648112122,1.1327035837361152,0.028058723861148605
random_forest_n200_leaf2_featsqrt_depth6,descriptors_plus_morgan_512,1.0008026460235673,1.1333500096784217,0.026949047253608693
random_forest_n200_leaf2_featsqrt_depthnone,descriptors_plus_morgan_512,1.0008026460235673,1.1333500096784217,0.026949047253608693
random_forest_n500_leaf1_featsqrt_depthnone,descriptors_plus_similarity_plus_morgan_512,1.0008084210526316,1.1364572598442195,0.021606200971837408
knn_k5_distance,descriptors_plus_morgan_2048,1.0011782525314437,1.223230579649685,-0.1335068158070707
random_forest_n500_leaf1_featsqrt_depthnone,descriptors_plus_morgan_512,1.0012168421052619,1.1382606094711714,0.018498673687268763
random_forest_n500_leaf1_featsqrt_depth4,descriptors_plus_morgan_512,1.0013964426830468,1.1375483941647109,0.019726549914586
random_forest_n500_leaf1_featsqrt_depth6,descriptors_plus_similarity_plus_morgan_512,1.0017445409356722,1.137087252118626,0.020521159939475786
random_forest_n200_leaf1_featsqrt_depthnone,descriptors_plus_morgan_512,1.0022947368421051,1.1438526966261637,0.008831075056805693
random_forest_n500_leaf1_featsqrt_depth4,descriptors_plus_similarity_plus_morgan_512,1.0035889266961109,1.1402446662075783,0.015074059886309388
random_forest_n500_leaf1_featsqrt_depthnone,descriptors,1.0039231578947363,1.1634332815467006,-0.025393224205962905
random_forest_n500_leaf1_featsqrt_depth6,descriptors,1.004251966165413,1.1637754555131272,-0.02599646371761577
random_forest_n200_leaf1_featsqrt_depthnone,morgan_2048,1.0050921052631576,1.1648637337858332,-0.027916235648645094
random_forest_n500_leaf1_featsqrt_depth6,descriptors_plus_morgan_512,1.0061018488266114,1.1430873097353613,0.010157074275827571
knn_k5_uniform,descriptors_plus_similarity_plus_morgan_1024,1.0069473684210526,1.2112346028568928,-0.11138368121569564
random_forest_n500_leaf1_featsqrt_depth6,descriptors_plus_morgan_2048,1.007068341117946,1.1488504871971765,0.0001508024547726139
knn_k5_distance,descriptors_plus_morgan_512,1.0077010198365626,1.167164434034528,-0.03198068118280317
random_forest_n500_leaf1_featsqrt_depthnone,descriptors_plus_morgan_2048,1.0080905263157895,1.1516311853147583,-0.004695160584917035
random_forest_n200_leaf1_featsqrt_depth6,descriptors_plus_morgan_512,1.0082569729247362,1.1509114751097658,-0.003439787471745781
random_forest_n500_leaf2_feat0p5_depth4,morgan_512,1.009071266917293,1.1842705602416381,-0.06245206137332904
random_forest_n500_leaf2_feat0p5_depth6,morgan_512,1.0090948145363405,1.1844751861214284,-0.06281924768602765
random_forest_n500_leaf2_feat0p5_depthnone,morgan_512,1.0090948145363405,1.1844751861214284,-0.06281924768602765
random_forest_n200_leaf2_feat0p3_depth4,morgan_512,1.0095161622807014,1.1759670627605632,-0.04760555517196874
random_forest_n200_leaf1_featsqrt_depth6,morgan_1024,1.010153144414066,1.161796441800933,-0.022509992767564935
random_forest_n200_leaf2_feat0p3_depth6,morgan_512,1.0102622827903087,1.1765571447002647,-0.04865716321854663
random_forest_n200_leaf2_feat0p3_depthnone,morgan_512,1.0102622827903087,1.1765571447002647,-0.04865716321854663
random_forest_n200_leaf1_featsqrt_depth6,morgan_2048,1.0107693203653074,1.1697188781708627,-0.03650278900948978
knn_k5_uniform,descriptors_plus_similarity_plus_morgan_2048,1.0112631578947369,1.2317039117887827,-0.14926483462892137
random_forest_n500_leaf1_feat0p5_depth6,descriptors,1.0114405438596492,1.1688420035352503,-0.03494935193619586
random_forest_n500_leaf1_feat0p3_depthnone,morgan_512,1.011563157894736,1.192264534219606,-0.07684383897021085
random_forest_n500_leaf1_feat0p5_depthnone,descriptors,1.0116399999999997,1.1676511709996447,-0.032841584525466816
random_forest_n500_leaf1_feat0p3_depth4,descriptors_plus_morgan_512,1.0116650988806508,1.1703325551663084,-0.037590648296006446
random_forest_n500_leaf1_feat0p3_depth6,morgan_512,1.0118920352016394,1.1915493118530913,-0.07555226018718386
knn_k5_distance,morgan_1024,1.0119547367834822,1.2529239367649794,-0.18920544672819806
random_forest_n500_leaf1_feat0p3_depth6,descriptors_plus_morgan_512,1.012637788714209,1.1724647742754888,-0.04137484783449885
random_forest_n200_leaf1_featsqrt_depth6,descriptors_plus_morgan_2048,1.0127007153299912,1.1575490856701587,-0.015047367968447745
knn_k3_distance,morgan_512,1.0127229710053856,1.2209345953272714,-0.12925566073763184
random_forest_n500_leaf1_featsqrt_depth4,descriptors,1.0127515946684886,1.1676631896876548,-0.03286284680818041
elastic_net_a0.5_l10.2,morgan_1024,1.0129729294059642,1.23549514919897,-0.15635069596114204
random_forest_n500_leaf1_feat0p3_depthnone,descriptors_plus_morgan_512,1.0131673684210523,1.1737741407326334,-0.04370208648920482
random_forest_n500_leaf1_featsqrt_depth4,morgan_2048,1.0132667382617395,1.1589902242514927,-0.017576391650528933
elastic_net_a0.1_l10.8,morgan_512,1.0135787914646575,1.2941361809216922,-0.26872481781645474
random_forest_n200_leaf2_feat0p5_depth4,morgan_512,1.0137705785296567,1.1851445051216443,-0.06402073525189023
random_forest_n500_leaf1_feat0p5_depth4,descriptors,1.0138190201932584,1.16720606019806,-0.03205429234052559
elastic_net_a0.05_l10.8,descriptors_plus_morgan_2048,1.0138347083134698,1.2527304060603885,-0.1888380980223916
elastic_net_a0.05_l10.8,descriptors_plus_similarity_plus_morgan_2048,1.0138474967684281,1.2527993876178276,-0.18896902828644357
random_forest_n200_leaf2_feat0p5_depth6,morgan_512,1.0139662635756046,1.1853257450009484,-0.06434619385072371
random_forest_n200_leaf2_feat0p5_depthnone,morgan_512,1.0139662635756046,1.1853257450009484,-0.06434619385072371
random_forest_n500_leaf1_featsqrt_depth6,morgan_2048,1.0144419709121288,1.1758899565868717,-0.047468180222866696
elastic_net_a0.05_l10.8,morgan_2048,1.0144425585970844,1.2558686513772728,-0.19480193304469773
elastic_net_a0.5_l10.2,morgan_2048,1.0146787740956993,1.1992015259418058,-0.08941116479408096
knn_k5_uniform,descriptors_plus_morgan_512,1.0147368421052632,1.1724479115351598,-0.041344893318594034
random_forest_n200_leaf1_featsqrt_depthnone,descriptors_plus_morgan_2048,1.0149368421052636,1.1629560518012072,-0.024552182794994826
random_forest_n200_leaf1_featsqrt_depthnone,morgan_1024,1.0152921052631576,1.1647933795200263,-0.027792073300605624
random_forest_n500_leaf1_featsqrt_depthnone,morgan_2048,1.0161610526315794,1.1784754052677784,-0.052079415252937133
knn_k5_uniform,descriptors_plus_morgan_2048,1.017157894736842,1.2374240646558776,-0.1599642170947102
random_forest_n500_leaf1_feat0p3_depth4,morgan_512,1.0171808725338962,1.1943693488286908,-0.08064929868097437
elastic_net_a0.5_l10.2,descriptors_plus_morgan_2048,1.0180173014145502,1.1993392031137537,-0.08966132401223037
elastic_net_a0.5_l10.2,descriptors_plus_similarity_plus_morgan_2048,1.0180173152356453,1.1993390896537741,-0.08966111784379116
random_forest_n500_leaf2_feat0p3_depth6,descriptors,1.0189793565352778,1.1423313634790304,0.011465846799940116
random_forest_n500_leaf2_feat0p3_depthnone,descriptors,1.0189793565352778,1.1423313634790304,0.011465846799940116
random_forest_n500_leaf2_feat0p3_depth6,morgan_1024,1.0191721207184632,1.1925382641797952,-0.07733835717475013
random_forest_n500_leaf2_feat0p3_depthnone,morgan_1024,1.0191721207184632,1.1925382641797952,-0.07733835717475013
elastic_net_a0.01_l10.2,morgan_512,1.0192072726828754,1.2867591875139788,-0.25430176245548197
random_forest_n200_leaf1_feat0p5_depthnone,morgan_512,1.0193710526315785,1.1962508876419742,-0.08405676247491356
random_forest_n500_leaf2_feat0p3_depth4,morgan_1024,1.0194654665831249,1.193089784312997,-0.07833507351940017
random_forest_n500_leaf2_feat0p3_depth4,descriptors,1.0195350323915853,1.1428944215394732,0.010491104590999889
random_forest_n200_leaf2_feat0p3_depth6,morgan_1024,1.0200539891395148,1.195905853821085,-0.08343150516614628
random_forest_n200_leaf2_feat0p3_depthnone,morgan_1024,1.0200539891395148,1.195905853821085,-0.08343150516614628
random_forest_n200_leaf1_featsqrt_depth4,morgan_2048,1.0202704643236877,1.162671586420607,-0.024051022014087042
random_forest_n500_leaf1_featsqrt_depth6,morgan_1024,1.0207138503075894,1.171363764528887,-0.039419948141467875
random_forest_n500_leaf1_featsqrt_depthnone,morgan_1024,1.0208915789473718,1.1712965974598637,-0.039300748979101074
random_forest_n200_leaf2_feat0p3_depth4,morgan_1024,1.0209026963241434,1.1973222268527794,-0.08599935259333158
random_forest_n200_leaf1_feat0p5_depth6,morgan_512,1.021741613693324,1.197970080851616,-0.08717490810063855
random_forest_n500_leaf1_featsqrt_depth4,descriptors_plus_morgan_2048,1.0224172326854437,1.1530128555506305,-0.0071073740410505515
random_forest_n200_leaf1_featsqrt_depth4,morgan_1024,1.0227436073648568,1.1645519166676552,-0.027365992784170734
knn_k3_uniform,morgan_512,1.023157894736842,1.224684707007868,-0.13620335232857506
random_forest_n500_leaf1_feat0p3_depthnone,descriptors_plus_similarity_plus_morgan_512,1.0238715789473674,1.1778837999520468,-0.051023373620368684
random_forest_n200_leaf2_feat0p3_depth4,descriptors,1.02403711523126,1.153660612918779,-0.008239268565368052
random_forest_n500_leaf1_feat0p3_depth6,descriptors_plus_similarity_plus_morgan_512,1.0244140001139204,1.1783100037353667,-0.05178411280538886
random_forest_n200_leaf2_feat0p3_depth6,descriptors,1.0244918959330143,1.154058067387973,-0.008934097230955063
random_forest_n200_leaf2_feat0p3_depthnone,descriptors,1.0244918959330143,1.154058067387973,-0.008934097230955063
random_forest_n500_leaf1_feat0p3_depth4,morgan_2048,1.024814438993754,1.2280704902067208,-0.14249436886963585
elastic_net_a1_l10.5,morgan_2048,1.0251667223700105,1.1183914823612437,0.052465179610452495
elastic_net_a1_l10.5,descriptors_plus_morgan_2048,1.0251668646849368,1.11839169953664,0.05246481161539285
elastic_net_a1_l10.5,descriptors_plus_similarity_plus_morgan_2048,1.0251668646849368,1.11839169953664,0.05246481161539285
random_forest_n200_leaf1_feat0p5_depth4,morgan_512,1.0256200744723105,1.1972720995222186,-0.08590842116692987
random_forest_n500_leaf1_featsqrt_depth4,morgan_1024,1.0258667255726746,1.168707892294263,-0.03471186837765372
elastic_net_a0.01_l10.2,descriptors_plus_similarity_plus_morgan_1024,1.0259075961303126,1.2904886122831511,-0.26158300512218924
knn_k5_uniform,morgan_1024,1.026,1.265570393558822,-0.2133332242135193
elastic_net_a0.01_l10.2,descriptors_plus_morgan_1024,1.0260064560512387,1.2906592478346353,-0.2619166541632254
random_forest_n200_leaf1_feat0p5_depth6,descriptors,1.026348640350878,1.1848132714478743,-0.06342605630046094
knn_k5_distance,descriptors_plus_morgan_1024,1.026623829756496,1.2500281215624505,-0.1837147070754097
random_forest_n500_leaf1_feat0p5_depthnone,morgan_512,1.0267094736842097,1.2060294245166654,-0.10185205111843576
random_forest_n200_leaf1_feat0p3_depthnone,descriptors_plus_similarity_plus_morgan_512,1.0269236842105267,1.1826452960140714,-0.059537895470142876
elastic_net_a0.05_l10.2,morgan_512,1.0270255175192844,1.292460362589135,-0.2654411205847773
random_forest_n200_leaf1_feat0p3_depth6,descriptors_plus_similarity_plus_morgan_512,1.027129740259741,1.1828554062292407,-0.059914406519390395
random_forest_n200_leaf1_feat0p3_depthnone,morgan_512,1.0274026315789477,1.2008090770831403,-0.09233387284163119
random_forest_n200_leaf1_featsqrt_depth4,descriptors_plus_morgan_2048,1.027482297234928,1.1600920165622877,-0.019512026195158905
random_forest_n500_leaf1_feat0p5_depth6,descriptors_plus_morgan_512,1.0274933045112784,1.19431299523437,-0.08054732514060725
random_forest_n500_leaf1_feat0p3_depthnone,morgan_2048,1.0275989473684208,1.2301557835878907,-0.14637762912441477
random_forest_n500_leaf1_feat0p3_depth6,morgan_2048,1.0280416842105262,1.2306571021310766,-0.14731217330631985
random_forest_n500_leaf1_feat0p5_depthnone,descriptors_plus_morgan_512,1.0283284210526318,1.1948660671212883,-0.08154833362963587
random_forest_n200_leaf1_feat0p5_depthnone,descriptors,1.0284105263157903,1.1857408439230595,-0.06509178858707543
elastic_net_a0.1_l10.2,descriptors_plus_morgan_1024,1.028569455271274,1.2869904538190249,-0.2547526685835857
elastic_net_a0.1_l10.2,descriptors_plus_similarity_plus_morgan_1024,1.0285835701192783,1.2870161209012176,-0.25480271737909743
random_forest_n500_leaf2_feat0p3_depth6,descriptors_plus_morgan_512,1.0286804502923974,1.1785853200860064,-0.05227567647302611
random_forest_n500_leaf2_feat0p3_depthnone,descriptors_plus_morgan_512,1.0286804502923974,1.1785853200860064,-0.05227567647302611
random_forest_n500_leaf2_feat0p3_depth4,descriptors_plus_morgan_512,1.0287319924812024,1.1785963875018224,-0.052295439195243265
random_forest_n500_leaf1_feat0p5_depth6,morgan_512,1.0288972256778304,1.2074619621478135,-0.10447119447211417
elastic_net_a0.01_l10.8,descriptors_plus_morgan_2048,1.0289677429180504,1.274272790057069,-0.23007699409371685
random_forest_n500_leaf1_feat0p5_depth4,descriptors_plus_morgan_512,1.0289695363642182,1.195853024678876,-0.08333578610488335
random_forest_n500_leaf2_feat0p3_depth4,morgan_2048,1.0290921065162912,1.2053508091694796,-0.10061240749525635
random_forest_n500_leaf2_feat0p3_depth6,morgan_2048,1.0291246921470345,1.2052033759330933,-0.10034317977478824
random_forest_n500_leaf2_feat0p3_depthnone,morgan_2048,1.0291246921470345,1.2052033759330933,-0.10034317977478824
elastic_net_a0.01_l10.8,descriptors_plus_similarity_plus_morgan_2048,1.0292309232111008,1.2746629872946955,-0.2308304373682324
random_forest_n200_leaf1_featsqrt_depth6,descriptors,1.0295258145363413,1.1920729789510494,-0.07649784437883467
random_forest_n200_leaf1_feat0p5_depth4,descriptors,1.0299046270031138,1.1869217946817658,-0.06721442327932903
random_forest_n200_leaf1_featsqrt_depthnone,descriptors,1.0299078947368425,1.1920290769921413,-0.07641855478045478
random_forest_n200_leaf1_feat0p3_depth6,morgan_512,1.030141023676616,1.2024493650177213,-0.09532013577606269
random_forest_n200_leaf2_featsqrt_depth6,morgan_1024,1.0306039862440186,1.1513463403790125,-0.004198218612727178
random_forest_n200_leaf2_featsqrt_depthnone,morgan_1024,1.0306039862440186,1.1513463403790125,-0.004198218612727178
elastic_net_a0.1_l10.2,morgan_512,1.0309210747416266,1.2919313087816302,-0.2644053450374575
random_forest_n200_leaf1_feat0p3_depth4,morgan_512,1.031137356043079,1.2044587013636563,-0.09898383337050909
random_forest_n200_leaf1_feat0p3_depth4,descriptors_plus_similarity_plus_morgan_512,1.0313931105590315,1.1867879284326746,-0.0669737066018754
random_forest_n500_leaf1_feat0p3_depth4,descriptors_plus_similarity_plus_morgan_512,1.031478570336096,1.1841324625259122,-0.06220429088398971
random_forest_n500_leaf1_feat0p5_depth4,morgan_512,1.031506129469945,1.2082409868713775,-0.10589680944257229
elastic_net_a0.5_l10.5,morgan_2048,1.0315928656784568,1.157331073930166,-0.01466505778114735
elastic_net_a0.5_l10.5,descriptors_plus_morgan_2048,1.0317477842971996,1.1575993278293306,-0.01513548393488029
elastic_net_a0.5_l10.5,descriptors_plus_similarity_plus_morgan_2048,1.0317477842971996,1.1575993278293306,-0.01513548393488029
elastic_net_a0.05_l10.8,descriptors_plus_morgan_512,1.0320420664584704,1.327831198516595,-0.33565167763992343
elastic_net_a0.05_l10.8,descriptors_plus_similarity_plus_morgan_512,1.0320427261169822,1.3278311610148148,-0.33565160219461854
random_forest_n200_leaf1_feat0p3_depth4,morgan_2048,1.0320648677492097,1.2442893204564858,-0.17287093516886487
random_forest_n500_leaf2_feat0p5_depth4,descriptors_plus_morgan_512,1.0322293020050122,1.1983081256640717,-0.08778855563084931
random_forest_n500_leaf2_feat0p5_depth6,descriptors_plus_morgan_512,1.032238211779448,1.1983126239152848,-0.08779672240410097
random_forest_n500_leaf2_feat0p5_depthnone,descriptors_plus_morgan_512,1.032238211779448,1.1983126239152848,-0.08779672240410097
random_forest_n500_leaf1_feat0p5_depth4,descriptors_plus_similarity_plus_morgan_512,1.0334613811831432,1.1942724831362845,-0.08047402024155592
random_forest_n500_leaf2_feat0p5_depth4,morgan_1024,1.033754144945698,1.2233757993201306,-0.13377596744524278
random_forest_n200_leaf2_featsqrt_depth4,morgan_1024,1.0340008199950628,1.15332320669578,-0.007649603887091683
elastic_net_a1_l10.2,morgan_1024,1.034401574713579,1.189986010660728,-0.0727318831942323
random_forest_n500_leaf2_feat0p5_depth6,morgan_1024,1.0344045676691729,1.2240398986404832,-0.13500722314505453
random_forest_n500_leaf2_feat0p5_depthnone,morgan_1024,1.0344045676691729,1.2240398986404832,-0.13500722314505453
elastic_net_a0.01_l10.8,morgan_2048,1.0349381162852898,1.2862680079321658,-0.25334436524364246
random_forest_n500_leaf2_feat0p5_depth4,descriptors_plus_similarity_plus_morgan_512,1.0349663659147874,1.1982118196844884,-0.08761371523634187
elastic_net_a0.5_l10.5,morgan_1024,1.035038467387571,1.1936249461206305,-0.07930266737622604
random_forest_n500_leaf2_feat0p5_depth6,descriptors_plus_similarity_plus_morgan_512,1.035082757309942,1.1982113194764636,-0.08761280716151609
random_forest_n500_leaf2_feat0p5_depthnone,descriptors_plus_similarity_plus_morgan_512,1.035082757309942,1.1982113194764636,-0.08761280716151609
random_forest_n200_leaf2_featsqrt_depth4,descriptors_plus_morgan_1024,1.0358466376569333,1.1556971628093866,-0.0118020874984901
random_forest_n200_leaf2_featsqrt_depth6,descriptors_plus_morgan_1024,1.0363546472642853,1.1564419536955466,-0.013106622667142798
random_forest_n200_leaf2_featsqrt_depthnone,descriptors_plus_morgan_1024,1.0363546472642853,1.1564419536955466,-0.013106622667142798
random_forest_n500_leaf2_featsqrt_depth4,descriptors_plus_morgan_1024,1.0364612507404873,1.1571449602560528,-0.01433874172179217
random_forest_n500_leaf2_featsqrt_depth6,descriptors_plus_morgan_1024,1.0368172085516818,1.1581929817728434,-0.0161769387717412
random_forest_n500_leaf2_featsqrt_depthnone,descriptors_plus_morgan_1024,1.0368172085516818,1.1581929817728434,-0.0161769387717412
random_forest_n500_leaf1_feat0p5_depthnone,descriptors_plus_similarity_plus_morgan_512,1.036823157894736,1.197207405836379,-0.08579107186882706
random_forest_n500_leaf1_feat0p5_depth6,descriptors_plus_similarity_plus_morgan_512,1.0370325534669997,1.1972661500417217,-0.08589762900878362
elastic_net_a0.5_l10.5,descriptors_plus_morgan_1024,1.0372854721813063,1.1955939069934634,-0.08286636211494725
elastic_net_a0.5_l10.5,descriptors_plus_similarity_plus_morgan_1024,1.0372854721813063,1.1955939069934634,-0.08286636211494725
elastic_net_a0.05_l10.2,descriptors_plus_morgan_1024,1.0382622095992031,1.298549913693081,-0.2773937069872423
elastic_net_a0.05_l10.2,descriptors_plus_similarity_plus_morgan_1024,1.0382657802837647,1.2985423924502542,-0.27737890961930023
random_forest_n500_leaf2_feat0p3_depth4,descriptors_plus_similarity_plus_morgan_512,1.0383728788638258,1.18820276909085,-0.06951922899198948
random_forest_n500_leaf2_feat0p3_depth6,descriptors_plus_similarity_plus_morgan_512,1.0384711754385956,1.1882723047082753,-0.0696444127703646
random_forest_n500_leaf2_feat0p3_depthnone,descriptors_plus_similarity_plus_morgan_512,1.0384711754385956,1.1882723047082753,-0.0696444127703646
knn_k5_distance,morgan_512,1.0386873739130373,1.1908506379241848,-0.07429131361337271
random_forest_n500_leaf1_featsqrt_depthnone,descriptors_plus_similarity_plus_morgan_1024,1.038773684210526,1.1773043425599545,-0.04998953062279754
elastic_net_a1_l10.2,descriptors_plus_morgan_1024,1.0392984928564348,1.1926027301271593,-0.07745483731985425
elastic_net_a1_l10.2,descriptors_plus_similarity_plus_morgan_1024,1.0392984928564348,1.1926027301271593,-0.07745483731985425
random_forest_n200_leaf1_feat0p3_depthnone,morgan_2048,1.0394263157894739,1.2478457148854158,-0.179585053156039
random_forest_n200_leaf2_featsqrt_depth4,descriptors_plus_morgan_2048,1.0399050227659763,1.1518069442345742,-0.005001851847403982
random_forest_n200_leaf2_feat0p5_depth4,morgan_1024,1.040081647869674,1.2347868880113604,-0.15502529445252833
random_forest_n200_leaf2_featsqrt_depth6,descriptors_plus_morgan_2048,1.0400898097333948,1.1528483905714446,-0.006820088293006288
random_forest_n200_leaf2_featsqrt_depthnone,descriptors_plus_morgan_2048,1.0400898097333948,1.1528483905714446,-0.006820088293006288
elastic_net_a0.05_l10.5,descriptors_plus_similarity_plus_morgan_512,1.0401727466304818,1.3149201514292204,-0.30980377880470655
elastic_net_a0.05_l10.5,descriptors_plus_morgan_512,1.040312402356956,1.3150125497298986,-0.30998786282739865
random_forest_n200_leaf1_feat0p3_depth6,morgan_2048,1.0405326555973267,1.2484511516481767,-0.18072996618261317
random_forest_n500_leaf1_feat0p5_depth4,morgan_2048,1.0405668673052086,1.2443202132103333,-0.17292917510115635
random_forest_n500_leaf2_featsqrt_depth6,morgan_1024,1.041426827752657,1.1613112155842353,-0.02165606512788032
random_forest_n500_leaf2_featsqrt_depthnone,morgan_1024,1.041426827752657,1.1613112155842353,-0.02165606512788032
random_forest_n500_leaf1_featsqrt_depth6,descriptors_plus_morgan_1024,1.041455091364775,1.1828683510449278,-0.05993760541866466
random_forest_n200_leaf2_feat0p5_depth6,morgan_1024,1.041785831244778,1.2359132322002313,-0.15713343050761686
random_forest_n200_leaf2_feat0p5_depthnone,morgan_1024,1.041785831244778,1.2359132322002313,-0.15713343050761686
random_forest_n500_leaf1_feat0p5_depthnone,morgan_2048,1.0417905263157892,1.2445260069939124,-0.17331718052110667
random_forest_n500_leaf1_featsqrt_depth6,descriptors_plus_similarity_plus_morgan_1024,1.041845691881218,1.179147729967246,-0.05328018829122194
random_forest_n500_leaf2_featsqrt_depth6,descriptors_plus_morgan_2048,1.0421517696440992,1.1510528962563624,-0.0036864030055752117
random_forest_n500_leaf2_featsqrt_depthnone,descriptors_plus_morgan_2048,1.0421517696440992,1.1510528962563624,-0.0036864030055752117
random_forest_n500_leaf2_featsqrt_depth4,descriptors_plus_morgan_2048,1.0424353803374986,1.15083310731311,-0.0033031397979046417
random_forest_n500_leaf1_feat0p5_depth6,morgan_2048,1.04275796031746,1.2452122634204366,-0.17461151820732423
knn_k5_uniform,descriptors_plus_morgan_1024,1.0429473684210528,1.2636346907152192,-0.2096244515680099
random_forest_n200_leaf2_feat0p3_depth4,descriptors_plus_similarity_plus_morgan_512,1.0429780513784452,1.194241285833849,-0.08041757175933184
random_forest_n200_leaf2_feat0p3_depth6,descriptors_plus_similarity_plus_morgan_512,1.0431125845864653,1.194355905454651,-0.08062497205038266
random_forest_n200_leaf2_feat0p3_depthnone,descriptors_plus_similarity_plus_morgan_512,1.0431125845864653,1.194355905454651,-0.08062497205038266
random_forest_n200_leaf1_featsqrt_depth6,descriptors_plus_similarity_plus_morgan_1024,1.0431255421698182,1.184936022962715,-0.06364641831795459
random_forest_n500_leaf1_featsqrt_depthnone,descriptors_plus_morgan_1024,1.0432800000000026,1.1846447723751579,-0.06312360600360445
random_forest_n500_leaf2_featsqrt_depth4,morgan_1024,1.0433007592480623,1.1620797664618943,-0.023008767959373788
random_forest_n500_leaf1_featsqrt_depth4,descriptors_plus_similarity_plus_morgan_1024,1.0438421852241324,1.1780884944599812,-0.05138870236650184
random_forest_n500_leaf1_featsqrt_depth4,descriptors_plus_morgan_1024,1.0439896679928264,1.1826240179929375,-0.059499769639861366
random_forest_n200_leaf1_featsqrt_depthnone,descriptors_plus_similarity_plus_morgan_1024,1.04448947368421,1.1878186020246477,-0.06882775165547295
random_forest_n500_leaf2_feat0p5_depth4,morgan_2048,1.0450848153717636,1.2325165385115278,-0.15078180861749035
random_forest_n500_leaf2_feat0p5_depth6,morgan_2048,1.0451462957393487,1.2325367701466199,-0.15081958886300018
random_forest_n500_leaf2_feat0p5_depthnone,morgan_2048,1.0451462957393487,1.2325367701466199,-0.15081958886300018
random_forest_n500_leaf1_feat0p3_depthnone,morgan_1024,1.0457515789473686,1.2355333196129052,-0.15642214758371065
knn_k5_uniform,morgan_512,1.0458947368421052,1.1941430752680045,-0.0802398789273695
random_forest_n200_leaf1_feat0p3_depth6,descriptors_plus_morgan_512,1.0463609755449228,1.2025483726083719,-0.0955005167141314
random_forest_n200_leaf1_featsqrt_depth4,descriptors,1.0464026011050351,1.2018782407533017,-0.0942799001307062
random_forest_n200_leaf1_featsqrt_depth4,descriptors_plus_similarity_plus_morgan_1024,1.0464909402877824,1.186025266859795,-0.06560281571169013
random_forest_n200_leaf1_feat0p3_depthnone,descriptors_plus_morgan_512,1.0466421052631578,1.2039048120922795,-0.09797329578982161
random_forest_n500_leaf1_feat0p3_depth6,morgan_1024,1.0468900484544692,1.2367098425664698,-0.15862557660794874
random_forest_n500_leaf2_feat0p5_depth6,descriptors,1.0469173149540516,1.178473794802298,-0.05207653978109361
random_forest_n500_leaf2_feat0p5_depthnone,descriptors,1.0469173149540516,1.178473794802298,-0.05207653978109361
random_forest_n200_leaf1_featsqrt_depth4,descriptors_plus_similarity_plus_morgan_2048,1.0470389535464533,1.1793532808872165,-0.053647439275533504
random_forest_n500_leaf2_feat0p5_depth4,descriptors,1.0471321883876357,1.1784558155530185,-0.052044438257645265
random_forest_n200_leaf1_feat0p3_depthnone,morgan_1024,1.0479921052631582,1.2387552960745039,-0.16246135849657262
random_forest_n500_leaf1_feat0p3_depth4,morgan_1024,1.0480825788568158,1.2395501361561276,-0.16395361013699516
random_forest_n200_leaf1_featsqrt_depthnone,descriptors_plus_similarity_plus_morgan_2048,1.0485815789473683,1.1993002203587853,-0.08959048948945325
random_forest_n500_leaf1_featsqrt_depthnone,descriptors_plus_similarity_plus_morgan_2048,1.0487515789473703,1.1861793337034927,-0.06587968118883425
random_forest_n200_leaf2_feat0p3_depth4,morgan_2048,1.0494005378028397,1.2298967758549386,-0.14589494324567798
random_forest_n200_leaf2_feat0p3_depth6,morgan_2048,1.049503110902255,1.2292063377214768,-0.14460874182077132
random_forest_n200_leaf2_feat0p3_depthnone,morgan_2048,1.049503110902255,1.2292063377214768,-0.14460874182077132
random_forest_n200_leaf1_feat0p3_depth4,descriptors_plus_morgan_512,1.0497032843618364,1.2060105663525262,-0.10181759301325322
random_forest_n200_leaf1_feat0p3_depth6,morgan_1024,1.050254472639933,1.2413400077312002,-0.16731746215151722
random_forest_n200_leaf2_feat0p5_depth4,descriptors_plus_similarity_plus_morgan_512,1.0517395008354216,1.216100913171248,-0.12033191015233036
random_forest_n200_leaf2_feat0p5_depth6,descriptors_plus_similarity_plus_morgan_512,1.0520750804093566,1.2163097080945666,-0.12071664746123845
random_forest_n200_leaf2_feat0p5_depthnone,descriptors_plus_similarity_plus_morgan_512,1.0520750804093566,1.2163097080945666,-0.12071664746123845
elastic_net_a1_l10.2,morgan_2048,1.0525710006037408,1.1829738332508417,-0.06012665357729308
random_forest_n200_leaf1_featsqrt_depth6,descriptors_plus_similarity_plus_morgan_2048,1.0529762353801166,1.1990004114396287,-0.08904579165648108
random_forest_n200_leaf2_feat0p5_depth4,descriptors_plus_morgan_512,1.0530357800751873,1.2169518542105369,-0.12190031607686036
random_forest_n200_leaf2_feat0p5_depth6,descriptors_plus_morgan_512,1.0531604104010015,1.2171362162427848,-0.12224026623811746
random_forest_n200_leaf2_feat0p5_depthnone,descriptors_plus_morgan_512,1.0531604104010015,1.2171362162427848,-0.12224026623811746
random_forest_n500_leaf1_featsqrt_depth4,descriptors_plus_similarity_plus_morgan_2048,1.0538143995857938,1.180679623009653,-0.05601870976871681
elastic_net_a0.5_l10.8,morgan_1024,1.0539316452438263,1.164860021635669,-0.027909684198493157
elastic_net_a0.5_l10.8,descriptors_plus_morgan_1024,1.0539317422241579,1.1648597622541272,-0.02790922642543192
elastic_net_a0.5_l10.8,descriptors_plus_similarity_plus_morgan_1024,1.0539317422241579,1.1648597622541272,-0.02790922642543192
random_forest_n500_leaf1_feat0p5_depth4,morgan_1024,1.0539362801204637,1.2551850635302044,-0.19350159037736536
random_forest_n500_leaf2_featsqrt_depth4,descriptors_plus_similarity_plus_morgan_1024,1.0543613034319488,1.1666820829158362,-0.031127889298487865
random_forest_n200_leaf2_feat0p3_depth6,descriptors_plus_morgan_512,1.0545251221804506,1.2036339167536394,-0.09747923283535731
random_forest_n200_leaf2_feat0p3_depthnone,descriptors_plus_morgan_512,1.0545251221804506,1.2036339167536394,-0.09747923283535731
random_forest_n200_leaf1_feat0p3_depth4,morgan_1024,1.0545682714434683,1.246436475351902,-0.17692225724964739
random_forest_n200_leaf2_feat0p3_depth4,descriptors_plus_morgan_512,1.0546403905597321,1.2037476259751654,-0.09768660386768002
random_forest_n500_leaf1_featsqrt_depth6,descriptors_plus_similarity_plus_morgan_2048,1.055022782752336,1.189625770447001,-0.07208249292168101
random_forest_n500_leaf2_featsqrt_depth6,descriptors,1.0551947263993313,1.1791021176039913,-0.05319870287911854
random_forest_n500_leaf2_featsqrt_depthnone,descriptors,1.0551947263993313,1.1791021176039913,-0.05319870287911854
random_forest_n500_leaf2_featsqrt_depth4,descriptors,1.0553110146198823,1.1786020087966735,-0.05230547702855648
random_forest_n500_leaf1_feat0p5_depthnone,morgan_1024,1.055848421052632,1.2577347116647126,-0.19835521684709367
random_forest_n500_leaf2_featsqrt_depth6,descriptors_plus_similarity_plus_morgan_1024,1.0562428034319487,1.169010261219573,-0.03524734039764987
random_forest_n500_leaf2_featsqrt_depthnone,descriptors_plus_similarity_plus_morgan_1024,1.0562428034319487,1.169010261219573,-0.03524734039764987
random_forest_n200_leaf1_feat0p5_depth4,descriptors_plus_similarity_plus_morgan_512,1.0563618023716046,1.2208257133511067,-0.12905425747513766
random_forest_n500_leaf1_feat0p5_depth6,morgan_1024,1.0563903291562242,1.2585139560170504,-0.19984058701796714
random_forest_n200_leaf1_feat0p5_depth6,descriptors_plus_morgan_512,1.0567572305764414,1.2202130025069349,-0.12792123712239922
elastic_net_a0.05_l10.8,morgan_512,1.0575658734456068,1.3709886311462491,-0.42388588134468375
random_forest_n200_leaf1_feat0p5_depth4,descriptors_plus_morgan_512,1.0580089237882,1.2222236012111551,-0.1316413504921743
random_forest_n200_leaf1_feat0p5_depthnone,descriptors_plus_morgan_512,1.058063157894737,1.221492840856285,-0.13028855151630392
random_forest_n500_leaf1_feat0p3_depth4,descriptors_plus_morgan_2048,1.0585614469653144,1.2259608447023294,-0.13857246390927824
elastic_net_a1_l10.2,descriptors_plus_morgan_2048,1.0587301337162285,1.1894730749027258,-0.07180729425374022
elastic_net_a1_l10.2,descriptors_plus_similarity_plus_morgan_2048,1.0587301337162285,1.1894730749027258,-0.07180729425374022
random_forest_n200_leaf1_feat0p5_depth6,descriptors_plus_similarity_plus_morgan_512,1.0587914035087722,1.2223758016219044,-0.13192320890542875
elastic_net_a0.1_l10.2,morgan_1024,1.05879307660607,1.3153252345991875,-0.310610917083211
random_forest_n200_leaf1_feat0p5_depthnone,descriptors_plus_similarity_plus_morgan_512,1.058989473684211,1.223308647308171,-0.1336515032408585
elastic_net_a0.1_l10.5,morgan_512,1.059112378015192,1.3362304555041689,-0.3526025720133976
random_forest_n500_leaf2_featsqrt_depth4,morgan_2048,1.0599389154865602,1.1687971496583958,-0.03486992186790894
random_forest_n200_leaf1_feat0p5_depthnone,morgan_1024,1.0601631578947373,1.2683838225536426,-0.21873382654440277
random_forest_n500_leaf1_feat0p3_depthnone,descriptors_plus_similarity_plus_morgan_1024,1.060206315789476,1.226028411502167,-0.13869796843583493
random_forest_n500_leaf2_featsqrt_depth6,morgan_2048,1.0603594196636694,1.1690014144283978,-0.03523167144642847
random_forest_n500_leaf2_featsqrt_depthnone,morgan_2048,1.0603594196636694,1.1690014144283978,-0.03523167144642847
random_forest_n200_leaf1_feat0p5_depth6,morgan_1024,1.060460654761905,1.2685305464883876,-0.2190158039109802
random_forest_n500_leaf1_feat0p3_depth6,descriptors_plus_morgan_2048,1.060705064023695,1.2283381295224192,-0.14299240173204097
random_forest_n200_leaf1_feat0p5_depth4,morgan_1024,1.0610275643581553,1.2678252967631733,-0.21766073748135306
random_forest_n500_leaf1_feat0p3_depth4,descriptors_plus_similarity_plus_morgan_1024,1.0611683053729895,1.2287447720526008,-0.1437493044862972
random_forest_n200_leaf2_feat0p5_depth4,descriptors,1.0614471595655801,1.1987578116474862,-0.08860513200118847
random_forest_n200_leaf2_feat0p5_depth6,descriptors,1.0618954490392642,1.1991278289165104,-0.08927726920867718
random_forest_n200_leaf2_feat0p5_depthnone,descriptors,1.0618954490392642,1.1991278289165104,-0.08927726920867718
random_forest_n200_leaf1_feat0p3_depth4,descriptors_plus_morgan_2048,1.0620545470100073,1.2322810004067342,-0.1503420140050986
random_forest_n200_leaf2_featsqrt_depth4,descriptors_plus_similarity_plus_morgan_2048,1.062145169413919,1.1744001800070252,-0.04481571256286476
random_forest_n500_leaf1_feat0p3_depth6,descriptors_plus_similarity_plus_morgan_1024,1.06220906975773,1.2281470987359853,-0.1426369136892407
random_forest_n200_leaf1_feat0p5_depth4,morgan_2048,1.0622749230155804,1.2636346490908095,-0.20962437187741068
random_forest_n200_leaf2_featsqrt_depth6,descriptors_plus_similarity_plus_morgan_2048,1.0627020877514297,1.1751429353792242,-0.04613772852077935
random_forest_n200_leaf2_featsqrt_depthnone,descriptors_plus_similarity_plus_morgan_2048,1.0627020877514297,1.1751429353792242,-0.04613772852077935
random_forest_n500_leaf1_feat0p3_depthnone,descriptors_plus_morgan_2048,1.0627768421052624,1.22961572414012,-0.14537129126512705
random_forest_n200_leaf1_feat0p3_depthnone,descriptors_plus_similarity_plus_morgan_2048,1.0629421052631585,1.2372924169330386,-0.15971741645619142
random_forest_n200_leaf2_featsqrt_depth6,morgan_2048,1.063543748298486,1.1722293303934241,-0.04095665067535981
random_forest_n200_leaf2_featsqrt_depthnone,morgan_2048,1.063543748298486,1.1722293303934241,-0.04095665067535981
random_forest_n200_leaf2_featsqrt_depth4,morgan_2048,1.0635667787913845,1.1723849963356106,-0.04123313626181302
random_forest_n200_leaf1_feat0p3_depth6,descriptors_plus_similarity_plus_morgan_2048,1.063901299365839,1.2382118571915173,-0.16144164437594322
random_forest_n500_leaf1_feat0p3_depthnone,descriptors_plus_similarity_plus_morgan_2048,1.0639810526315776,1.2352545684871685,-0.15590040105225067
random_forest_n500_leaf1_feat0p3_depth6,descriptors_plus_similarity_plus_morgan_2048,1.0640186162375624,1.235606175052452,-0.1565585326193082
random_forest_n500_leaf1_feat0p3_depth4,descriptors_plus_similarity_plus_morgan_2048,1.064874046967651,1.235270470804807,-0.15593016271292193
random_forest_n200_leaf1_feat0p3_depth6,descriptors_plus_morgan_2048,1.0657087899673432,1.2356487192638133,-0.15663817889943243
random_forest_n200_leaf1_feat0p5_depth6,morgan_2048,1.065872546992481,1.2669067931386333,-0.2158970549460122
random_forest_n200_leaf1_feat0p3_depth4,descriptors_plus_similarity_plus_morgan_2048,1.0660612479844713,1.2390744799217437,-0.16306048681789753
random_forest_n200_leaf1_feat0p5_depthnone,morgan_2048,1.0664763157894734,1.268058467490235,-0.21810866820000974
random_forest_n500_leaf1_feat0p5_depth4,descriptors_plus_morgan_2048,1.0666106879173451,1.24234127823989,-0.1692013487930073
random_forest_n500_leaf1_feat0p5_depth6,descriptors_plus_morgan_2048,1.0673500757196013,1.2436212268312294,-0.17161177909134606
random_forest_n200_leaf1_featsqrt_depth6,descriptors_plus_morgan_1024,1.0675367502088553,1.212536622443369,-0.11377433463492426
random_forest_n200_leaf1_featsqrt_depthnone,descriptors_plus_morgan_1024,1.0678078947368421,1.2134914363868459,-0.1155291121015134
random_forest_n200_leaf1_featsqrt_depth4,descriptors_plus_morgan_1024,1.0678517327263384,1.206094971814908,-0.10197182495845203
random_forest_n500_leaf1_feat0p5_depthnone,descriptors_plus_morgan_2048,1.068239999999999,1.2445598971524028,-0.1733810834791758
random_forest_n200_leaf2_feat0p5_depth6,morgan_2048,1.068350820802004,1.2526318136749457,-0.18865097751972493
random_forest_n200_leaf2_feat0p5_depthnone,morgan_2048,1.068350820802004,1.2526318136749457,-0.18865097751972493
random_forest_n500_leaf1_feat0p5_depthnone,descriptors_plus_similarity_plus_morgan_2048,1.068790526315789,1.2401485146121565,-0.16507765159973942
random_forest_n500_leaf2_featsqrt_depth4,descriptors_plus_similarity_plus_morgan_2048,1.0692449163015347,1.172612534887618,-0.04163734421715137
random_forest_n200_leaf2_feat0p5_depth4,morgan_2048,1.0692595457393475,1.253500993976361,-0.19030111995919086
random_forest_n500_leaf2_featsqrt_depth6,descriptors_plus_similarity_plus_morgan_2048,1.0693889726925123,1.173118617674971,-0.04253664977820182
random_forest_n500_leaf2_featsqrt_depthnone,descriptors_plus_similarity_plus_morgan_2048,1.0693889726925123,1.173118617674971,-0.04253664977820182
random_forest_n200_leaf1_feat0p3_depthnone,descriptors_plus_morgan_2048,1.0696842105263165,1.2385039176148656,-0.16198961383966703
random_forest_n500_leaf1_feat0p5_depth6,descriptors_plus_similarity_plus_morgan_2048,1.0698362331966274,1.2410512888897445,-0.1667745208956417
random_forest_n500_leaf1_feat0p5_depth4,descriptors_plus_similarity_plus_morgan_1024,1.0700055774196553,1.2424320001104803,-0.16937211669434316
random_forest_n200_leaf1_feat0p5_depth4,descriptors_plus_morgan_2048,1.0705605062189265,1.2473655285295353,-0.17867739019969742
random_forest_n200_leaf2_featsqrt_depth6,descriptors,1.070895144110275,1.199119412726283,-0.08926197887462717
random_forest_n200_leaf2_featsqrt_depthnone,descriptors,1.070895144110275,1.199119412726283,-0.08926197887462717
random_forest_n200_leaf2_featsqrt_depth4,descriptors,1.0711191040100245,1.1990574367405382,-0.08914938568399888
random_forest_n500_leaf1_feat0p5_depthnone,descriptors_plus_similarity_plus_morgan_1024,1.0717084210526315,1.2427962411390994,-0.17005786164866676
random_forest_n500_leaf1_feat0p5_depth6,descriptors_plus_similarity_plus_morgan_1024,1.0719462493734333,1.2433561054294175,-0.17111229220441282
random_forest_n500_leaf1_feat0p5_depth4,descriptors_plus_similarity_plus_morgan_2048,1.0725130833114247,1.2435116139936038,-0.17140525635066606
random_forest_n200_leaf1_feat0p5_depth6,descriptors_plus_morgan_2048,1.0726825692071085,1.2497021749080783,-0.18309747688792655
elastic_net_a0.05_l10.2,morgan_1024,1.07292861533485,1.3289480229592239,-0.33789942684718866
random_forest_n200_leaf1_feat0p5_depthnone,descriptors_plus_morgan_2048,1.073257894736842,1.2504749587130568,-0.1845611236214182
random_forest_n200_leaf1_feat0p5_depth4,descriptors_plus_similarity_plus_morgan_1024,1.073439496986931,1.2486182027938468,-0.181045966515488
random_forest_n200_leaf1_feat0p3_depthnone,descriptors_plus_similarity_plus_morgan_1024,1.075055263157895,1.2471629158023545,-0.17829451021886022
random_forest_n200_leaf1_feat0p5_depth6,descriptors_plus_similarity_plus_morgan_1024,1.0750664035087725,1.2499576841651903,-0.1835813093821672
elastic_net_a0.01_l10.5,descriptors_plus_similarity_plus_morgan_512,1.075104463402105,1.3583962148755981,-0.39784945798592375
elastic_net_a0.01_l10.5,descriptors_plus_morgan_512,1.0751401042133673,1.3584689337068117,-0.3979991237439564
random_forest_n200_leaf1_feat0p5_depthnone,descriptors_plus_similarity_plus_morgan_1024,1.075178947368422,1.249841866418561,-0.18336198456626196
elastic_net_a0.01_l10.2,morgan_1024,1.0760589527021842,1.3346139908240486,-0.34933201072918285
random_forest_n200_leaf1_feat0p3_depth4,descriptors_plus_similarity_plus_morgan_1024,1.0774332913650675,1.2524229189540617,-0.18825456061989665
random_forest_n200_leaf1_feat0p3_depth6,descriptors_plus_similarity_plus_morgan_1024,1.0779632383040938,1.250558979709163,-0.18472031329341965
random_forest_n500_leaf2_feat0p3_depth4,descriptors_plus_morgan_2048,1.078252892648288,1.2370469905329933,-0.1592573844736176
random_forest_n200_leaf1_feat0p3_depth4,descriptors_plus_morgan_1024,1.0782765286833045,1.238389657112284,-0.16177522066588224
random_forest_n500_leaf2_feat0p3_depth6,descriptors_plus_morgan_2048,1.0782800751879702,1.2376686367201528,-0.1604227872595494
random_forest_n500_leaf2_feat0p3_depthnone,descriptors_plus_morgan_2048,1.0782800751879702,1.2376686367201528,-0.1604227872595494
random_forest_n200_leaf1_feat0p5_depthnone,descriptors_plus_similarity_plus_morgan_2048,1.0786184210526322,1.246585242773233,-0.17720321523106963
random_forest_n500_leaf2_feat0p5_depth4,descriptors_plus_similarity_plus_morgan_1024,1.0788398671679205,1.243906144737849,-0.17214868117558346
random_forest_n200_leaf1_feat0p5_depth6,descriptors_plus_similarity_plus_morgan_2048,1.079005310435179,1.2465855727516577,-0.17720383845634258
random_forest_n200_leaf1_feat0p5_depth4,descriptors_plus_similarity_plus_morgan_2048,1.079355215208767,1.24914041944221,-0.18203408416540978
random_forest_n500_leaf2_feat0p5_depth6,descriptors_plus_similarity_plus_morgan_1024,1.0794626741854645,1.2445621920605001,-0.17338541079879866
random_forest_n500_leaf2_feat0p5_depthnone,descriptors_plus_similarity_plus_morgan_1024,1.0794626741854645,1.2445621920605001,-0.17338541079879866
random_forest_n500_leaf1_feat0p3_depth6,descriptors_plus_similarity,1.08150670676692,1.2195411923333057,-0.12667958445282812
random_forest_n500_leaf1_featsqrt_depth6,descriptors_plus_similarity,1.08150670676692,1.2195411923333057,-0.12667958445282812
random_forest_n200_leaf2_feat0p3_depth4,descriptors_plus_morgan_1024,1.0815195436507936,1.2355657471852894,-0.15648285085153946
random_forest_n200_leaf2_featsqrt_depth4,descriptors_plus_similarity_plus_morgan_1024,1.0818565519714194,1.1886586269373984,-0.0703400354571515
random_forest_n200_leaf2_feat0p3_depth6,descriptors_plus_morgan_1024,1.0819882372598162,1.2359304090325383,-0.1571655946183219
random_forest_n200_leaf2_feat0p3_depthnone,descriptors_plus_morgan_1024,1.0819882372598162,1.2359304090325383,-0.1571655946183219
random_forest_n500_leaf1_feat0p3_depthnone,descriptors_plus_similarity,1.0823547368421078,1.2213118211859006,-0.12995356911858935
random_forest_n500_leaf1_featsqrt_depthnone,descriptors_plus_similarity,1.0823547368421078,1.2213118211859006,-0.12995356911858935
random_forest_n500_leaf2_feat0p3_depth4,descriptors_plus_similarity_plus_morgan_1024,1.0825234310776946,1.2305258379788948,-0.14706743750173512
random_forest_n500_leaf1_feat0p5_depth4,descriptors_plus_morgan_1024,1.0825336367170832,1.2562860729994891,-0.1955963139614283
random_forest_n200_leaf2_featsqrt_depth6,descriptors_plus_similarity_plus_morgan_1024,1.0826296754050035,1.189447268379047,-0.071760787408224
random_forest_n200_leaf2_featsqrt_depthnone,descriptors_plus_similarity_plus_morgan_1024,1.0826296754050035,1.189447268379047,-0.071760787408224
random_forest_n500_leaf2_feat0p3_depth6,descriptors_plus_similarity_plus_morgan_1024,1.0829296478696742,1.2304833120743501,-0.14698815556234068
random_forest_n500_leaf2_feat0p3_depthnone,descriptors_plus_similarity_plus_morgan_1024,1.0829296478696742,1.2304833120743501,-0.14698815556234068
random_forest_n200_leaf1_feat0p3_depth6,descriptors_plus_similarity,1.0833484711779449,1.2227706949573733,-0.13265467157286204
random_forest_n200_leaf1_featsqrt_depth6,descriptors_plus_similarity,1.0833484711779449,1.2227706949573733,-0.13265467157286204
random_forest_n200_leaf1_feat0p3_depthnone,descriptors_plus_similarity,1.083421052631579,1.2242726996702549,-0.13543899988332542
random_forest_n200_leaf1_featsqrt_depthnone,descriptors_plus_similarity,1.083421052631579,1.2242726996702549,-0.13543899988332542
knn_k3_uniform,descriptors,1.0835087719298244,1.3558795509650354,-0.3926747402272248
random_forest_n200_leaf1_feat0p3_depthnone,descriptors_plus_morgan_1024,1.083784210526316,1.2422407498252164,-0.16901213636871093
random_forest_n500_leaf1_feat0p5_depthnone,descriptors_plus_morgan_1024,1.0852136842105256,1.2601102534803514,-0.20288626984071012
random_forest_n500_leaf2_feat0p5_depth4,descriptors_plus_morgan_2048,1.0855642343358398,1.2498686491761604,-0.18341270144111976
random_forest_n500_leaf1_feat0p3_depth4,descriptors_plus_morgan_1024,1.0856046707882754,1.2494590207426843,-0.18263713185705077
elastic_net_a1_l10.5,descriptors_plus_morgan_1024,1.0858176200249094,1.181561438512711,-0.05759671856963622
elastic_net_a1_l10.5,descriptors_plus_similarity_plus_morgan_1024,1.0858176200249094,1.181561438512711,-0.05759671856963622
elastic_net_a1_l10.5,morgan_1024,1.0858176895060776,1.1815615428148667,-0.057596905288022526
random_forest_n500_leaf2_feat0p5_depth6,descriptors_plus_morgan_2048,1.0858406010860484,1.250138943989093,-0.18392460307545289
random_forest_n500_leaf2_feat0p5_depthnone,descriptors_plus_morgan_2048,1.0858406010860484,1.250138943989093,-0.18392460307545289
random_forest_n500_leaf1_feat0p3_depthnone,descriptors_plus_morgan_1024,1.0859421052631575,1.2499391195363752,-0.18354615205678315
random_forest_n500_leaf1_feat0p5_depth6,descriptors_plus_morgan_1024,1.0859740380116958,1.2604864193802445,-0.2036045440272698
elastic_net_a0.1_l10.5,descriptors_plus_similarity_plus_morgan_1024,1.0861952334797262,1.3847276603447005,-0.4525671281802315
elastic_net_a0.1_l10.5,descriptors_plus_morgan_1024,1.0862019536380316,1.3847291010619376,-0.452570150781207
random_forest_n200_leaf1_feat0p3_depth4,descriptors_plus_similarity,1.086537484810511,1.2196782725495101,-0.12693288325417496
random_forest_n200_leaf1_featsqrt_depth4,descriptors_plus_similarity,1.086537484810511,1.2196782725495101,-0.12693288325417496
random_forest_n200_leaf1_feat0p3_depth6,descriptors_plus_morgan_1024,1.0866982594744439,1.246751620102887,-0.1775174705119058
random_forest_n500_leaf1_feat0p3_depth6,descriptors_plus_morgan_1024,1.0872716066302115,1.251442067288247,-0.18639409470446577
random_forest_n200_leaf2_feat0p3_depth4,descriptors_plus_similarity_plus_morgan_1024,1.087331465121136,1.238769743844956,-0.16248847454259296
random_forest_n500_leaf2_feat0p3_depth6,descriptors_plus_morgan_1024,1.0873851303258144,1.245110234485933,-0.17441903784821444
random_forest_n500_leaf2_feat0p3_depthnone,descriptors_plus_morgan_1024,1.0873851303258144,1.245110234485933,-0.17441903784821444
random_forest_n500_leaf2_feat0p3_depth4,descriptors_plus_morgan_1024,1.0874219085213028,1.2448107897542025,-0.1738542182911289
random_forest_n200_leaf2_feat0p3_depth6,descriptors_plus_similarity_plus_morgan_1024,1.0876311800334169,1.2384645968409749,-0.16191583190823033
random_forest_n200_leaf2_feat0p3_depthnone,descriptors_plus_similarity_plus_morgan_1024,1.0876311800334169,1.2384645968409749,-0.16191583190823033
random_forest_n200_leaf2_feat0p5_depth4,descriptors_plus_morgan_2048,1.088727241019214,1.25090840059923,-0.18538245536997544
elastic_net_a0.5_l10.8,morgan_512,1.0887829493095589,1.2169883638165637,-0.12196763304230851
elastic_net_a0.5_l10.8,descriptors_plus_morgan_512,1.0887829595663867,1.2169877464057355,-0.12196649463406994
elastic_net_a0.5_l10.8,descriptors_plus_similarity_plus_morgan_512,1.0887829595663867,1.2169877464057355,-0.12196649463406994
random_forest_n200_leaf2_feat0p5_depth6,descriptors_plus_morgan_2048,1.0890165058479522,1.251324428074385,-0.18617105615965146
random_forest_n200_leaf2_feat0p5_depthnone,descriptors_plus_morgan_2048,1.0890165058479522,1.251324428074385,-0.18617105615965146
random_forest_n200_leaf1_feat0p5_depth4,descriptors_plus_morgan_1024,1.0907445602715995,1.2577321712409564,-0.19835037587871085
random_forest_n200_leaf2_feat0p3_depth6,descriptors_plus_similarity_plus_morgan_2048,1.0911784085213025,1.247290318983863,-0.1785352584564559
random_forest_n200_leaf2_feat0p3_depthnone,descriptors_plus_similarity_plus_morgan_2048,1.0911784085213025,1.247290318983863,-0.1785352584564559
random_forest_n200_leaf2_feat0p3_depth4,descriptors_plus_similarity_plus_morgan_2048,1.0912180043859643,1.246743163336158,-0.17750149626870582
random_forest_n500_leaf2_feat0p3_depth6,descriptors_plus_similarity_plus_morgan_2048,1.0912852619047622,1.2422299769015643,-0.16899186071137517
random_forest_n500_leaf2_feat0p3_depthnone,descriptors_plus_similarity_plus_morgan_2048,1.0912852619047622,1.2422299769015643,-0.16899186071137517
random_forest_n500_leaf2_feat0p3_depth4,descriptors_plus_similarity_plus_morgan_2048,1.0915411771094405,1.2422477493979793,-0.16902531031838763
random_forest_n200_leaf2_feat0p5_depth4,descriptors_plus_similarity_plus_morgan_1024,1.093071859857978,1.2616492866760307,-0.2058263497655597
elastic_net_a0.01_l10.8,morgan_512,1.0932212049789296,1.4416625006247097,-0.5744710551726664
random_forest_n200_leaf2_feat0p5_depth6,descriptors_plus_similarity_plus_morgan_1024,1.0937066593567248,1.2622178217566962,-0.206913353980563
random_forest_n200_leaf2_feat0p5_depthnone,descriptors_plus_similarity_plus_morgan_1024,1.0937066593567248,1.2622178217566962,-0.206913353980563
random_forest_n200_leaf1_feat0p5_depthnone,descriptors_plus_morgan_1024,1.0953394736842106,1.2625272890745352,-0.20750524235196055
random_forest_n500_leaf2_feat0p5_depth4,descriptors_plus_morgan_1024,1.095489584795322,1.2604488230051463,-0.2035327455654048
random_forest_n500_leaf2_feat0p5_depth6,descriptors_plus_morgan_1024,1.095620443609023,1.2605435374329845,-0.20371362748011834
random_forest_n500_leaf2_feat0p5_depthnone,descriptors_plus_morgan_1024,1.095620443609023,1.2605435374329845,-0.20371362748011834
random_forest_n200_leaf1_feat0p5_depth6,descriptors_plus_morgan_1024,1.0957467846700086,1.2628732842325747,-0.20816716581058303
random_forest_n200_leaf2_feat0p3_depth6,descriptors_plus_morgan_2048,1.0970758343776108,1.2582101075607675,-0.19926129157417982
random_forest_n200_leaf2_feat0p3_depthnone,descriptors_plus_morgan_2048,1.0970758343776108,1.2582101075607675,-0.19926129157417982
random_forest_n200_leaf2_feat0p3_depth4,descriptors_plus_morgan_2048,1.0980128205931496,1.2583831330038573,-0.19959115219554535
random_forest_n500_leaf1_feat0p3_depth4,descriptors_plus_similarity,1.0981464780132166,1.229884890917284,-0.14587279695759214
random_forest_n500_leaf1_featsqrt_depth4,descriptors_plus_similarity,1.0981464780132166,1.229884890917284,-0.14587279695759214
random_forest_n500_leaf1_feat0p5_depth4,descriptors_plus_similarity,1.0983808114984441,1.2365838111078764,-0.15838944065133398
knn_k5_distance,descriptors,1.1010574924922174,1.2765069082556737,-0.23439403908594048
random_forest_n500_leaf1_feat0p5_depthnone,descriptors_plus_similarity,1.1049568421052651,1.2412495688407579,-0.1671473765187581
random_forest_n500_leaf1_feat0p5_depth6,descriptors_plus_similarity,1.105325058897245,1.242395883060967,-0.16930413123233445
elastic_net_a0.05_l10.5,morgan_512,1.105598171425618,1.4053835365955976,-0.49622601034698377
random_forest_n200_leaf2_feat0p5_depth4,descriptors_plus_morgan_1024,1.1067294663742686,1.2683542357651498,-0.21867696993876384
random_forest_n200_leaf2_feat0p5_depth6,descriptors_plus_morgan_1024,1.1068235254803673,1.2683107249495997,-0.2185933580930528
random_forest_n200_leaf2_feat0p5_depthnone,descriptors_plus_morgan_1024,1.1068235254803673,1.2683107249495997,-0.2185933580930528
random_forest_n500_leaf2_feat0p5_depth4,descriptors_plus_similarity_plus_morgan_2048,1.1086921027568928,1.2646457202273105,-0.21156085814722192
random_forest_n500_leaf2_feat0p3_depth6,descriptors_plus_similarity,1.1087957163742688,1.2190906111226825,-0.12584719457997418
random_forest_n500_leaf2_feat0p3_depthnone,descriptors_plus_similarity,1.1087957163742688,1.2190906111226825,-0.12584719457997418
random_forest_n500_leaf2_featsqrt_depth6,descriptors_plus_similarity,1.1087957163742688,1.2190906111226825,-0.12584719457997418
random_forest_n500_leaf2_featsqrt_depthnone,descriptors_plus_similarity,1.1087957163742688,1.2190906111226825,-0.12584719457997418
elastic_net_a0.5_l10.2,descriptors,1.1088683664162122,1.208305157471104,-0.10601428260694834
random_forest_n500_leaf2_feat0p3_depth4,descriptors_plus_similarity,1.10891638053467,1.2188404166723747,-0.12538512586631856
random_forest_n500_leaf2_featsqrt_depth4,descriptors_plus_similarity,1.10891638053467,1.2188404166723747,-0.12538512586631856
random_forest_n500_leaf2_feat0p5_depth6,descriptors_plus_similarity_plus_morgan_2048,1.1089672932330834,1.264675369885728,-0.21161766897751533
random_forest_n500_leaf2_feat0p5_depthnone,descriptors_plus_similarity_plus_morgan_2048,1.1089672932330834,1.264675369885728,-0.21161766897751533
elastic_net_a0.01_l10.8,descriptors_plus_similarity_plus_morgan_512,1.1101852993704526,1.4047445760025163,-0.49486579499841965
elastic_net_a0.01_l10.8,descriptors_plus_morgan_512,1.1102912785251426,1.404936355444066,-0.4952739889173978
random_forest_n200_leaf1_feat0p5_depth6,descriptors_plus_similarity,1.1118179010025064,1.247571459327255,-0.1790666041162201
random_forest_n200_leaf1_feat0p5_depth4,descriptors_plus_similarity,1.1123863677185388,1.2492455447426019,-0.18223304805297857
random_forest_n200_leaf2_feat0p5_depth4,descriptors_plus_similarity_plus_morgan_2048,1.1125101806599824,1.2688702758344625,-0.2196688286230033
random_forest_n200_leaf2_feat0p5_depth6,descriptors_plus_similarity_plus_morgan_2048,1.112790791562238,1.2687853147724153,-0.21950550083172704
random_forest_n200_leaf2_feat0p5_depthnone,descriptors_plus_similarity_plus_morgan_2048,1.112790791562238,1.2687853147724153,-0.21950550083172704
random_forest_n200_leaf1_feat0p5_depthnone,descriptors_plus_similarity,1.1128078947368427,1.2477462326868438,-0.1793969801668449
elastic_net_a1_l10.5,morgan_512,1.1130129000829294,1.21492380513504,-0.1181641402795095
elastic_net_a1_l10.5,descriptors_plus_morgan_512,1.1130132848071694,1.2149243755116066,-0.11816519018036797
elastic_net_a1_l10.5,descriptors_plus_similarity_plus_morgan_512,1.1130132848071694,1.2149243755116066,-0.11816519018036797
elastic_net_a0.5_l10.2,descriptors_plus_similarity,1.1180255294958361,1.2179876369094187,-0.12381089200993811
elastic_net_a0.5_l10.5,similarity_summary,1.1242105263157895,1.2127669618289014,-0.11419753086419804
elastic_net_a0.5_l10.8,similarity_summary,1.1242105263157895,1.2127669618289014,-0.11419753086419804
elastic_net_a1_l10.5,similarity_summary,1.1242105263157895,1.2127669618289014,-0.11419753086419804
elastic_net_a1_l10.8,descriptors,1.1242105263157895,1.2127669618289014,-0.11419753086419804
elastic_net_a1_l10.8,descriptors_plus_similarity,1.1242105263157895,1.2127669618289014,-0.11419753086419804
elastic_net_a1_l10.8,similarity_summary,1.1242105263157895,1.2127669618289014,-0.11419753086419804
mean,descriptors,1.1242105263157895,1.2127669618289014,-0.11419753086419804
mean,descriptors_plus_morgan_1024,1.1242105263157895,1.2127669618289014,-0.11419753086419804
mean,descriptors_plus_morgan_2048,1.1242105263157895,1.2127669618289014,-0.11419753086419804
mean,descriptors_plus_morgan_512,1.1242105263157895,1.2127669618289014,-0.11419753086419804
mean,descriptors_plus_similarity,1.1242105263157895,1.2127669618289014,-0.11419753086419804
mean,descriptors_plus_similarity_plus_morgan_1024,1.1242105263157895,1.2127669618289014,-0.11419753086419804
mean,descriptors_plus_similarity_plus_morgan_2048,1.1242105263157895,1.2127669618289014,-0.11419753086419804
mean,descriptors_plus_similarity_plus_morgan_512,1.1242105263157895,1.2127669618289014,-0.11419753086419804
mean,morgan_1024,1.1242105263157895,1.2127669618289014,-0.11419753086419804
mean,morgan_2048,1.1242105263157895,1.2127669618289014,-0.11419753086419804
mean,morgan_512,1.1242105263157895,1.2127669618289014,-0.11419753086419804
mean,similarity_summary,1.1242105263157895,1.2127669618289014,-0.11419753086419804
elastic_net_a0.05_l10.5,descriptors_plus_similarity_plus_morgan_1024,1.1245717846598278,1.422192866108379,-0.5322317897409186
elastic_net_a0.05_l10.5,descriptors_plus_morgan_1024,1.1246386289374966,1.422232408464139,-0.5323169946357951
elastic_net_a1_l10.2,similarity_summary,1.1247777415496951,1.2135417247142137,-0.11562157135400897
elastic_net_a0.1_l10.8,descriptors,1.1261989135178823,1.2923757360827521,-0.26527541127839793
random_forest_n200_leaf2_feat0p5_depth6,descriptors_plus_similarity,1.127497835213032,1.2436108279614124,-0.17159218568594814
random_forest_n200_leaf2_feat0p5_depthnone,descriptors_plus_similarity,1.127497835213032,1.2436108279614124,-0.17159218568594814
random_forest_n200_leaf2_feat0p5_depth4,descriptors_plus_similarity,1.1276202036340846,1.2437982651201769,-0.1719453773028734
elastic_net_a0.01_l10.5,morgan_512,1.1277246118713582,1.445038510356197,-0.581853716924938
random_forest_n500_leaf2_feat0p5_depth6,descriptors_plus_similarity,1.128767896825396,1.242493187366877,-0.16948729794109707
random_forest_n500_leaf2_feat0p5_depthnone,descriptors_plus_similarity,1.128767896825396,1.242493187366877,-0.16948729794109707
elastic_net_a1_l10.8,descriptors_plus_morgan_1024,1.1288889354046419,1.2181632496938475,-0.12413498362067066
elastic_net_a1_l10.8,descriptors_plus_morgan_512,1.1288889354046419,1.2181632496938475,-0.12413498362067066
elastic_net_a1_l10.8,descriptors_plus_similarity_plus_morgan_1024,1.1288889354046419,1.2181632496938475,-0.12413498362067066
elastic_net_a1_l10.8,descriptors_plus_similarity_plus_morgan_512,1.1288889354046419,1.2181632496938475,-0.12413498362067066
elastic_net_a1_l10.8,morgan_1024,1.1288889354046419,1.2181632496938475,-0.12413498362067066
elastic_net_a1_l10.8,morgan_512,1.1288889354046419,1.2181632496938475,-0.12413498362067066
elastic_net_a1_l10.8,descriptors_plus_morgan_2048,1.1293143260800687,1.2186609826149242,-0.12505379856108356
elastic_net_a1_l10.8,descriptors_plus_similarity_plus_morgan_2048,1.1293143260800687,1.2186609826149242,-0.12505379856108356
elastic_net_a1_l10.8,morgan_2048,1.1293143260800687,1.2186609826149242,-0.12505379856108356
random_forest_n500_leaf2_feat0p5_depth4,descriptors_plus_similarity,1.1294272518796984,1.2428700364349012,-0.17019681818338417
elastic_net_a0.1_l10.8,descriptors_plus_similarity_plus_morgan_1024,1.1295836592792097,1.4264614292810602,-0.5414432596497378
elastic_net_a0.1_l10.8,descriptors_plus_morgan_1024,1.1295855372217078,1.4264708141818683,-0.5414635424830263
elastic_net_a1_l10.5,descriptors,1.1297281669654435,1.2191134629231044,-0.12588940288884465
elastic_net_a1_l10.5,descriptors_plus_similarity,1.1297281669654435,1.2191134629231044,-0.12588940288884465
random_forest_n200_leaf2_feat0p3_depth4,descriptors_plus_similarity,1.130115760233918,1.2411418155929386,-0.16694474448591223
random_forest_n200_leaf2_featsqrt_depth4,descriptors_plus_similarity,1.130115760233918,1.2411418155929386,-0.16694474448591223
random_forest_n200_leaf2_feat0p3_depth6,descriptors_plus_similarity,1.130888799081036,1.2419154101401948,-0.16839989395583554
random_forest_n200_leaf2_feat0p3_depthnone,descriptors_plus_similarity,1.130888799081036,1.2419154101401948,-0.16839989395583554
random_forest_n200_leaf2_featsqrt_depth6,descriptors_plus_similarity,1.130888799081036,1.2419154101401948,-0.16839989395583554
random_forest_n200_leaf2_featsqrt_depthnone,descriptors_plus_similarity,1.130888799081036,1.2419154101401948,-0.16839989395583554
elastic_net_a1_l10.2,descriptors,1.1359054449017199,1.2252435673199364,-0.13724055616786535
elastic_net_a1_l10.2,descriptors_plus_similarity,1.1359054449017199,1.2252435673199364,-0.13724055616786535
elastic_net_a0.5_l10.8,descriptors,1.135906299535076,1.2287933005513396,-0.1438396495831784
elastic_net_a0.5_l10.8,descriptors_plus_similarity,1.135906299535076,1.2287933005513396,-0.1438396495831784
elastic_net_a0.1_l10.8,descriptors_plus_similarity,1.1359730517371112,1.304943652473397,-0.2900038169757493
elastic_net_a0.1_l10.5,morgan_1024,1.1363975940575353,1.4206649384536119,-0.5289412631412935
elastic_net_a0.01_l10.5,descriptors_plus_similarity_plus_morgan_1024,1.1365743878522672,1.437743724331419,-0.5659231265270079
elastic_net_a0.01_l10.5,descriptors_plus_morgan_1024,1.1365990171904343,1.4377436761880478,-0.5659230216559994
elastic_net_a0.5_l10.5,descriptors,1.1385430825426028,1.2326852419273433,-0.15109686176709403
elastic_net_a0.5_l10.5,descriptors_plus_similarity,1.1385430825426028,1.2326852419273433,-0.15109686176709403
elastic_net_a0.5_l10.2,similarity_summary,1.1391784763788808,1.229613944268752,-0.14536797541278101
knn_k5_uniform,descriptors,1.1433684210526318,1.308462014009296,-0.2969693566379681
elastic_net_a0.1_l10.8,morgan_1024,1.1486794147379578,1.4425550856719906,-0.5764212819029046
elastic_net_a0.1_l10.8,similarity_summary,1.151273400734381,1.2433300197407764,-0.17106315270202588
knn_k5_distance,descriptors_plus_similarity,1.1601439174219952,1.3089128510708505,-0.2978632650308992
elastic_net_a0.1_l10.5,similarity_summary,1.1610135287611527,1.2548966676286117,-0.1929532068205917
elastic_net_a0.1_l10.5,descriptors,1.1632999901244088,1.3327268194921702,-0.34551874283299266
elastic_net_a0.05_l10.5,morgan_1024,1.1703570042346119,1.4677733422873347,-0.6320199692258819
elastic_net_a0.1_l10.2,descriptors,1.1720410241205055,1.355705638878757,-0.39231749988635745
elastic_net_a0.05_l10.8,similarity_summary,1.175956070505186,1.2715160857147043,-0.2247605646855524
elastic_net_a0.05_l10.8,descriptors_plus_similarity_plus_morgan_1024,1.1809673650526322,1.5060417024728732,-0.7182306915867949
elastic_net_a0.05_l10.8,descriptors_plus_morgan_1024,1.1809772942263626,1.5060880551188076,-0.7183364599256024
elastic_net_a0.1_l10.5,descriptors_plus_similarity,1.1826814885319215,1.354016507809186,-0.38885016660610905
elastic_net_a0.01_l10.5,morgan_1024,1.1895185481072361,1.498936640827082,-0.702056720081331
elastic_net_a0.1_l10.2,similarity_summary,1.1939725534148575,1.2887074123223274,-0.2581028027033969
elastic_net_a0.05_l10.5,similarity_summary,1.1972995602817302,1.292800925126424,-0.2661080944129679
elastic_net_a0.05_l10.8,morgan_1024,1.1994310533605361,1.5280230360530895,-0.7687533689355897
elastic_net_a0.05_l10.2,descriptors,1.203101682415052,1.4389017077171729,-0.5684465848733375
elastic_net_a0.05_l10.5,descriptors,1.210478442242237,1.4105936863499786,-0.5073404307742269
elastic_net_a0.05_l10.8,descriptors,1.2132985111402577,1.3933818902920267,-0.4707802870060027
elastic_net_a0.01_l10.8,descriptors_plus_similarity_plus_morgan_1024,1.2197525315998952,1.5529425751267227,-0.8269146994304775
elastic_net_a0.01_l10.8,descriptors_plus_morgan_1024,1.2199578485058236,1.5531217241639423,-0.827336233224427
elastic_net_a0.05_l10.2,similarity_summary,1.221304004929503,1.3179094671925256,-0.3157659168065563
elastic_net_a0.1_l10.2,descriptors_plus_similarity,1.2253477233556531,1.4005957040396684,-0.48604875000933667
knn_k3_distance,descriptors_plus_similarity,1.2284409046441835,1.445218658121654,-0.5822481495622331
elastic_net_a0.01_l10.8,morgan_1024,1.2352877461850853,1.5901539697344318,-0.9155162138065196
elastic_net_a0.05_l10.8,descriptors_plus_similarity,1.2367020456172384,1.42284083880511,-0.5336283240169313
random_forest_n200_leaf1_feat0p3_depth6,similarity_summary,1.2433563836675026,1.4305757936344305,-0.5503480997227812
random_forest_n200_leaf1_feat0p5_depth6,similarity_summary,1.2433563836675026,1.4305757936344305,-0.5503480997227812
random_forest_n200_leaf1_featsqrt_depth6,similarity_summary,1.2433563836675026,1.4305757936344305,-0.5503480997227812
elastic_net_a0.01_l10.8,similarity_summary,1.2455556559380818,1.3456596716755922,-0.3717594198994181
random_forest_n500_leaf1_feat0p3_depth6,similarity_summary,1.2457928203842972,1.4263525366166323,-0.5412079284259745
random_forest_n500_leaf1_feat0p5_depth6,similarity_summary,1.2457928203842972,1.4263525366166323,-0.5412079284259745
random_forest_n500_leaf1_featsqrt_depth6,similarity_summary,1.2457928203842972,1.4263525366166323,-0.5412079284259745
knn_k5_uniform,descriptors_plus_similarity,1.2462105263157894,1.3615638841149964,-0.4043764012453086
random_forest_n200_leaf1_feat0p3_depthnone,similarity_summary,1.2466657894736846,1.4338260326740073,-0.5574008210059416
random_forest_n200_leaf1_feat0p5_depthnone,similarity_summary,1.2466657894736846,1.4338260326740073,-0.5574008210059416
random_forest_n200_leaf1_featsqrt_depthnone,similarity_summary,1.2466657894736846,1.4338260326740073,-0.5574008210059416
random_forest_n500_leaf1_feat0p3_depthnone,similarity_summary,1.247153684210529,1.4289210297504749,-0.5467635622163407
random_forest_n500_leaf1_feat0p5_depthnone,similarity_summary,1.247153684210529,1.4289210297504749,-0.5467635622163407
random_forest_n500_leaf1_featsqrt_depthnone,similarity_summary,1.247153684210529,1.4289210297504749,-0.5467635622163407
elastic_net_a0.01_l10.5,similarity_summary,1.2488932287628192,1.3495259072392647,-0.37965318979439266
elastic_net_a0.01_l10.2,similarity_summary,1.2520335324179672,1.353210680977328,-0.38719754318231137
random_forest_n500_leaf1_feat0p3_depth4,similarity_summary,1.2553068631310234,1.4227100255781722,-0.5333463393532054
random_forest_n500_leaf1_feat0p5_depth4,similarity_summary,1.2553068631310234,1.4227100255781722,-0.5333463393532054
random_forest_n500_leaf1_featsqrt_depth4,similarity_summary,1.2553068631310234,1.4227100255781722,-0.5333463393532054
random_forest_n200_leaf1_feat0p3_depth4,similarity_summary,1.2563304248018077,1.4301538384507628,-0.5494336694022115
random_forest_n200_leaf1_feat0p5_depth4,similarity_summary,1.2563304248018077,1.4301538384507628,-0.5494336694022115
random_forest_n200_leaf1_featsqrt_depth4,similarity_summary,1.2563304248018077,1.4301538384507628,-0.5494336694022115
elastic_net_a0.05_l10.5,descriptors_plus_similarity,1.2604669882808566,1.4594246436031653,-0.6135069027066702
random_forest_n200_leaf2_feat0p3_depth6,similarity_summary,1.2654930231829578,1.3861751657096661,-0.45560555621498144
random_forest_n200_leaf2_feat0p3_depthnone,similarity_summary,1.2654930231829578,1.3861751657096661,-0.45560555621498144
random_forest_n200_leaf2_feat0p5_depth6,similarity_summary,1.2654930231829578,1.3861751657096661,-0.45560555621498144
random_forest_n200_leaf2_feat0p5_depthnone,similarity_summary,1.2654930231829578,1.3861751657096661,-0.45560555621498144
random_forest_n200_leaf2_featsqrt_depth6,similarity_summary,1.2654930231829578,1.3861751657096661,-0.45560555621498144
random_forest_n200_leaf2_featsqrt_depthnone,similarity_summary,1.2654930231829578,1.3861751657096661,-0.45560555621498144
random_forest_n200_leaf2_feat0p3_depth4,similarity_summary,1.265785101294904,1.3861893125353357,-0.4556352671831694
random_forest_n200_leaf2_feat0p5_depth4,similarity_summary,1.265785101294904,1.3861893125353357,-0.4556352671831694
random_forest_n200_leaf2_featsqrt_depth4,similarity_summary,1.265785101294904,1.3861893125353357,-0.4556352671831694
random_forest_n500_leaf2_feat0p3_depth6,similarity_summary,1.2707941094402686,1.391033662684503,-0.4658271343005722
random_forest_n500_leaf2_feat0p3_depthnone,similarity_summary,1.2707941094402686,1.391033662684503,-0.4658271343005722
random_forest_n500_leaf2_feat0p5_depth6,similarity_summary,1.2707941094402686,1.391033662684503,-0.4658271343005722
random_forest_n500_leaf2_feat0p5_depthnone,similarity_summary,1.2707941094402686,1.391033662684503,-0.4658271343005722
random_forest_n500_leaf2_featsqrt_depth6,similarity_summary,1.2707941094402686,1.391033662684503,-0.4658271343005722
random_forest_n500_leaf2_featsqrt_depthnone,similarity_summary,1.2707941094402686,1.391033662684503,-0.4658271343005722
random_forest_n500_leaf2_feat0p3_depth4,similarity_summary,1.2715311487050969,1.3912922094725462,-0.46637208174202804
random_forest_n500_leaf2_feat0p5_depth4,similarity_summary,1.2715311487050969,1.3912922094725462,-0.46637208174202804
random_forest_n500_leaf2_featsqrt_depth4,similarity_summary,1.2715311487050969,1.3912922094725462,-0.46637208174202804
elastic_net_a0.05_l10.2,descriptors_plus_similarity,1.297562610482086,1.5170171210197831,-0.7433654760722108
knn_k3_uniform,similarity_summary,1.324561403508772,1.4797767335941425,-0.6588223043512043
knn_k5_uniform,similarity_summary,1.3269473684210527,1.4188397038648015,-0.5250150963066298
knn_k3_uniform,descriptors_plus_similarity,1.3631578947368421,1.5357242990872475,-0.7866273947252602
knn_k5_distance,similarity_summary,1.379471750001152,1.5527719474777355,-0.8265132614893549
elastic_net_a0.01_l10.8,descriptors,1.4525601659298664,1.79800483163674,-1.449002259255777
elastic_net_a0.01_l10.5,descriptors,1.4678350905181552,1.7959709847683727,-1.4434649232360703
elastic_net_a0.01_l10.2,descriptors,1.47365119429748,1.79385050656789,-1.4376983987273886
knn_k3_distance,similarity_summary,1.4742482061512412,1.6593209665194986,-1.0857789418172406
elastic_net_a0.01_l10.8,descriptors_plus_similarity,1.6658281842920994,1.9943130735905057,-2.0129654346480126
elastic_net_a0.01_l10.5,descriptors_plus_similarity,1.6933238672529434,2.002025644947897,-2.036314471078391
elastic_net_a0.01_l10.2,descriptors_plus_similarity,1.7126936279250438,2.00587908118072,-2.0480141257340327
knn_k1_distance,similarity_summary,1.8778947368421057,2.0911089981407622,-2.3125376148590973
knn_k1_uniform,similarity_summary,1.8778947368421057,2.0911089981407622,-2.3125376148590973
